,Product_name,1,2,3,4,5
0,"""Brides Have More Fun"" Tees - Blonde (Heather Black) ","""Brides Have More Fun"" Tees - Brunette (Heather Black) ",Bach & Boujee Banner,Mini Vino Before Vows Party Garland,Bride's Babes Tees - Bride (White) ,Bride's Babes Tees - Bride's Babes (Peach) 
1,"""Brides Have More Fun"" Tees - Brunette (Heather Black) ","""Brides Have More Fun"" Tees - Brunette (Heather Black) ",Bach & Boujee Banner,Mini Vino Before Vows Party Garland,Bride's Babes Tees - Bride (White) ,Bride's Babes Tees - Bride's Babes (Peach) 
2,"26"" Mylar Pineapple Balloon",Pink Pineapple Party Napkins,"36"" Mylar Flamingo Balloon",Pineapple Party Napkins,Let's Flamingle Napkins,Bachelorette Headband Party Pack
3,"36"" Mylar Engagement Ring Balloon",Mylar Love Calligraphy Balloon,I Do Crew Gold Confetti Balloons,Pink Confetti Balloon Bundle,Last Fling Before The Ring Napkins,Engagement Ring Garland
4,"36"" Mylar Flamingo Balloon",Sippity Yay! Party Cups (8 count),Squad Goals Banner,Let's Flamingle Banner,Bach Shit Crazy Banner,"26"" Mylar Pineapple Balloon"
5,Acrylic Confetti Wine Tumbler - Blush Ombre,Acrylic Confetti Wine Tumbler - Pink Ombre,Bride Squad Paper Shot Cups (10 count),Pink & Gold Brushed Heart Balloon Set,Acrylic Confetti Wine Tumbler - Pink & Mint Ombre,Mini Light Pink Heart Balloon Set
6,Acrylic Confetti Wine Tumbler - Pineapples,Bachelorette Tattoo Party Pack,Rose All Day Napkins,I Do Crew Flower Crowns - White,Drink Please! Bar Top Bell,Cheers Bitches Tanks - Future Mrs. (White Tank) 
7,Acrylic Confetti Wine Tumbler - Pink & Mint Ombre,Acrylic Confetti Wine Tumbler - Pink Ombre,Black & Gold Brushed Heart Balloon Set,Bride Squad Frost Flex Wine Cups (8 count),Pink Party Balloons,Bachelorette Bash Acrylic Wine Tumbler
8,Acrylic Confetti Wine Tumbler - Pink Ombre,Acrylic Confetti Wine Tumbler - Pink & Mint Ombre,Acrylic Confetti Wine Tumbler - Blush Ombre,Black & Gold Brushed Heart Balloon Set,Bride Squad Frost Flex Wine Cups (8 count),Bride Squad Paper Shot Cups (10 count)
9,Aloha Beaches Can Coolers - Aloha Beaches (Black Koozie),Pink & Green Pineapple Tumbler with Straw,Aloha Beaches Tanks - Aloha Beaches (Yellow Tank) ,Bride Tribe Can Coolers - White (Bride),I Do Crew Flower Crowns - Blue,I Do Crew Flower Crowns - Purple
10,Aloha Beaches Koozies - Black (Aloha Beaches),Aloha Beaches Koozies - White (Aloha Bride),Tropical Prosecco Pong,I Do Crew Photo Booth Props,You Had Me at Tacos Napkins,Double Date Photo Booth Props
11,Aloha Beaches Koozies - White (Aloha Bride),Aloha Beaches Koozies - Black (Aloha Beaches),Bride Tribe Sunnies - Bride Tribe (Neon Pink Frames),Bride Tribe Sunnies - Bride Tribe (Black Frames),Tropical Prosecco Pong,Bride Tribe Sunnies - Bride Tribe (Light Pink Frames)
12,Aloha Beaches Tanks - Aloha Beaches (Yellow Tank) ,Aloha Beaches Tanks - Aloha Bride (White Tank) ,Aloha Beaches Can Coolers - Aloha Beaches (Black Koozie),Pink & Green Pineapple Tumbler with Straw,Bride Tribe Can Coolers - White (Bride),I Do Crew Flower Crowns - Blue
13,Aloha Beaches Tanks - Aloha Bride (White Tank) ,Aloha Beaches Tanks - Aloha Beaches (Yellow Tank) ,Bride To Be Headband Veil,You Had Me at Tacos Napkins,Chillin' With My Beaches Party Cups (8 count),Clear Glass Diamond Sipper with Straw
14,Aloha Bride | Aloha Beaches Koozies - Aloha Beaches (Black Koozie),Aloha Bride | Aloha Beaches Koozies - Aloha Bride (White Koozie),Bride To Be Booty Veil,Bride To Be Headband Veil,Chillin' With My Beaches Party Cups (8 count),Clear Glass Diamond Sipper with Straw
15,Aloha Bride | Aloha Beaches Koozies - Aloha Bride (White Koozie),Aloha Bride | Aloha Beaches Koozies - Aloha Bride (White Koozie),Bride To Be Booty Veil,Bride To Be Headband Veil,Chillin' With My Beaches Party Cups (8 count),Clear Glass Diamond Sipper with Straw
16,Anchor Shot Cups (8 count),Let's Get Nauti Tassel Garland,Pineapple Drink Floaties Set,Flamingo Drink Floaties Set,Engagement Ring Drink Floaties Set,Bride To Be Headband Veil
17,Bach & Boujee Banner,Gettin' Hitched Party Bandanas - White (Bride),"""Brides Have More Fun"" Tees - Blonde (Heather Black) ","""Brides Have More Fun"" Tees - Brunette (Heather Black) ",Bach & Boujee Party Cups (8 count),Mini Vino Before Vows Party Garland
18,"Bach & Boujee Koozies (10 count) - Party Pack (1 White, 9 Black)",Gettin' Hitched Party Bandanas - White (Bride),Bach & Boujee Banner,Gettin' Hitched Party Bandanas - Red,Bach & Boujee Party Cups (8 count),Rose Gold Team Bride Confetti
19,Bach & Boujee Party Cups (8 count),Gettin' Hitched Party Bandanas - White (Bride),"Bach & Boujee Koozies (10 count) - Party Pack (1 White, 9 Black)",Bachelorette Party Pins (10 or 15 pack) - 10 Pack,Bach & Boujee Banner,Bachelorette Headband Party Pack (8 Pack)
20,Bach & Boujee Party Cups - 15 Pack,You Had Me at Tacos Napkins,Drink Please! Bar Top Bell,Cheers Bitches Tanks - Future Mrs. (White Tank) ,Chillin' With My Beaches Party Cups (8 count),Clear Glass Diamond Sipper with Straw
21,Bach Bash Balloon Letter Kit,Squad Goals Banner,Gold Stripe Party Straws,Team Bride Party Straws,Flamingo String Lights,Rose Gold Confetti Balloon Bundle
22,Bach Shit Crazy Banner,Squad Goals Banner,"36"" Mylar Flamingo Balloon",Mini Gold Heart Balloon Set,Mini Cactus String Lights,Mini Light Pink Heart Balloon Set
23,Bachelorette Bash Acrylic Wine Tumbler,Black & Gold Brushed Heart Balloon Set,Bride Squad Frost Flex Wine Cups (8 count),"Drink Up, Bitches! Paper Shot Cups (10 count)",Bride Squad Napkins,"Grey, Pink & Mint Drunk in Love Tanks - Drunk in Love (Grey Tank) "
24,Bachelorette Bash Banner,Last Fling Before The Ring Napkins,Feelin' Nauti Shot Cups (10 count),Sun & Sand Koozies (10 count) - Single Koozie (Coral),Mermaid Squad Tissue Paper Tassel Garland,Pink Chevron Party Straws
25,Bachelorette Bash Party Cups (8 count),Bride Tribe Tanks - Bride (Grey Tank) ,Pink Foil Photo Booth Backdrop,"Drink Up, Bitches! Shot Cups (10 count)",Cheers Beaches Party Cups (8 count),Bride Pin - Silver
26,Bachelorette Dare Cards,"Bride To Be ""Mad Libs""",Navy & Pink Bride's Drinking Team Shot Cups (8 count),"Drink Up, Bitches! Paper Shot Cups (10 count)",Gettin' Hitched Party Pins (10 Pack),Hangover Emergency Kit
27,Bachelorette Headband Party Pack,"26"" Mylar Pineapple Balloon",Matron of Honor Headband,Day Drinker Confetti Tumbler,Pink Party Tissue Paper Tassel Garland,Let's Flamingle Napkins
28,Bachelorette Headband Party Pack (8 Pack),Bach & Boujee Party Cups (8 count),Bachelorette Party Pins (10 or 15 pack) - 10 Pack,Gettin' Hitched Sash,Bride Headband,Bachelorette Bash Banner
29,Bachelorette Mini Crowns - Gold (Bride),"Drink Up, Bitches! Paper Shot Cups (10 count)",Drink Please! Bar Top Bell,White Bachelorette Sash,Bride Squad Napkins,Pink & Gold Brushed Heart Balloon Set
30,Bachelorette Party Pins (10 or 15 pack) - 10 Pack,Same Penis Forever Koozies (10 count) - Single Koozie (Pink),Bach & Boujee Party Cups (8 count),Bachelorette Headband Party Pack (8 Pack),Same Penis Forever Koozies (10 count) - Single Koozie (White),Bride Headband
31,Bachelorette Photo Booth Props,Miss To Mrs Headband - White,Bride Tribe Tanks - Bride (Grey Tank) ,Blush Gold Dots Snack Plates,"Drink Up, Bitches! Shot Cups (10 count)",Gold Chevron Party Straws
32,Bachelorette Pins Party Pack - 10 Pack,I Said Yes! Shot Cups (8 count),Hot Pink Bachelorette Bash Napkins,Flamingo String Lights,Bride Headband - Gold,Bride Headband - White
33,Bachelorette Pins Party Pack - 15 Pack,Gettin' Hitched Banner,Mermaid Squad Tissue Paper Tassel Garland,Champagne Campaign Koozies - Pink (Champagne Campaign),Heart Sunnies - Black,Champagne Campaign Koozies - White (Pop The Champagne)
34,Bachelorette Scratch Off Cards,Wishes for the Couple Cards,Inflatable Hunk Ring Toss,You Had Me at Tacos Napkins,Drink Please! Bar Top Bell,Chillin' With My Beaches Party Cups (8 count)
35,Bachelorette Tattoo Party Pack,Acrylic Confetti Wine Tumbler - Pineapples,Future Mrs. | Cheers Bitches Koozies - Cheers Bitches (Pink Koozie),Blush Ombre Dots Snack Plates,Light Pink Bachelorette Bash Napkins,Bride & Bride Tribe Sunnies - Bride
36,Best Day Ever Gold Tattoo,Let's Get Smashed Shot Cups (8 count),Bride To Be Booty Veil,Final Fiesta Banner,Inflatable Hunk Ring Toss,Heart Sunnies - White
37,Black & Gold Brushed Heart Balloon Set,Black & Gold Brushed Heart Balloon Set,"Grey, Pink & Mint Drunk in Love Tanks - Drunk in Love (Grey Tank) ",Pink Party Balloons,Acrylic Confetti Wine Tumbler - Pink & Mint Ombre,Bachelorette Bash Acrylic Wine Tumbler
38,Black & White Bride Tribe Tanks - Bride (White Tank) ,Black & White Bride Tribe Tanks - Bride Tribe (Black Tank) ,Bride Tribe Frost Flex Cups (8 count),"Grey, Pink & Mint Bride Tribe Tanks - Bride Tribe (Mint Tank) ",Future Mrs. | Cheers Bitches Koozies - Future Mrs. (White Koozie),"Grey, Pink & Mint Bride Tribe Tanks - Bride Tribe (Pink Tank) "
39,Black & White Bride Tribe Tanks - Bride Tribe (Black Tank) ,Black & White Bride Tribe Tanks - Bride (White Tank) ,Bride Tribe Frost Flex Cups (8 count),Future Mrs. | Cheers Bitches Koozies - Future Mrs. (White Koozie),Bride Tribe Pins Party Pack (Set of 12),Inflatable Selfie Frame
40,Black & White Drunk in Love Tanks - Drunk in Love (White Tank) ,Black & White Drunk in Love Tanks - Just Drunk (Black Tank) ,Bride Squad Frost Flex Wine Cups (8 count),Black & Gold Brushed Heart Balloon Set,Bride Tribe Stemless Wine Tumblers - Bride Tribe,Light Pink Party Balloons
41,Black & White Drunk in Love Tanks - Just Drunk (Black Tank) ,Black & White Drunk in Love Tanks - Drunk in Love (White Tank) ,Bride Squad Frost Flex Wine Cups (8 count),Bride Tribe Stemless Wine Tumblers - Bride Tribe,Bride Tribe Stemless Wine Tumblers - Bride,Black & Gold Brushed Heart Balloon Set
42,Blue & Purple Confetti Tumbler,Mint Ombre Confetti Tumbler,Booze Party Cups (8 count),Pink Ombre Confetti Tumbler,Gold & Pink Heart Napkins,Mini Gold Heart Balloon Set
43,Blush Gold Dots Snack Plates,Miss To Mrs Headband - White,Bride Tribe Koozies - Black (Bride Tribe),Bachelorette Photo Booth Props,Miss to Mrs. Banner,Bride Tribe Party Cups (8 count)
44,Blush Ombre Confetti Tumbler,Mint Ombre Confetti Tumbler,Pink Ombre Confetti Tumbler,Pink & Mint Confetti Tumbler,Blue & Purple Confetti Tumbler,Pineapple Tumbler
45,Blush Ombre Dots Snack Plates,Heart Drink Stirrers,Bride Squad Paper Shot Cups (10 count),Pink & Gold Brushed Heart Balloon Set,Inflatable Selfie Frame,Mini Light Pink Heart Balloon Set
46,Blush Ombre Mini Paper Treat Plates,Engaged AF Banner,Pink & Mint Confetti Tumbler,Sip Sip Hooray Napkins,Pop The Bubbly Napkins,Pink Champagne Tissue Paper Tassel Garland
47,Booze Frost Flex Cups (8 count),Booze Frost Flex Cups (8 count),Gold Foil Stripes Napkins,You Had Me at Tacos Napkins,Drink Please! Bar Top Bell,Chillin' With My Beaches Party Cups (8 count)
48,Booze Party Cups (8 count),Gold & Pink Heart Napkins,Mini Gold Heart Balloon Set,Purple Donut Drink Floaties Set,Pink & Mint Confetti Tumbler,Blue & Purple Confetti Tumbler
49,Bride & Bride Tribe Sunnies - Bride,Bride & Bride Tribe Sunnies - Bride Tribe (Black Frames),Bride & Bride Tribe Sunnies - Bride Tribe (Pink Frames),Sippity Yay! Frost Flex Cups (8 count),Pink Pineapple Mason Jar Sipper,Let's PARTAY! Frost Flex Shot Cups (8 count)
50,Bride & Bride Tribe Sunnies - Bride Tribe (Black Frames),Bride & Bride Tribe Sunnies - Bride,Future Mrs. | Cheers Bitches Tank Tops - Cheers Bitches (Pink Tank) ,Just Drunk Koozies - Black,Bride Tribe Party Cups (6 count),Bride & Bride Tribe Sunnies - Bride Tribe (Neon Pink Frames)
51,Bride & Bride Tribe Sunnies - Bride Tribe (Neon Pink Frames),Bride & Bride Tribe Sunnies - Bride Tribe (Black Frames),Bride & Bride Tribe Sunnies - Bride,Bride To Be Sashes - White,You Had Me at Tacos Napkins,"Drink Up, Bitches! Paper Shot Cups (10 count)"
52,Bride & Bride Tribe Sunnies - Bride Tribe (Pink Frames),Let's PARTAY! Frost Flex Shot Cups (8 count),Sippity Yay! Frost Flex Cups (8 count),Pink Pineapple Mason Jar Sipper,Bride & Bride Tribe Sunnies - Bride,Magnolias & Mimosas Tissue Paper Tassel Garland
53,Bride Headband,Team Bride Shot Glass Set,Bachelorette Party Pins (10 or 15 pack) - 10 Pack,Bride Squad Napkins,Bachelorette Headband Party Pack (8 Pack),Bach & Boujee Party Cups (8 count)
54,Bride Headband - Gold,I Said Yes! Shot Cups (8 count),Wine Eyed Drink Markers,Bride Pin - Gold,Bride's Drinking Team Shot Cups (10 count),Bride Squad Wine & Champagne Cups (8 count)
55,Bride Headband - White,Maid of Honor Headband,Team Bride Napkins,Nashelorette Banner,Bride Tribe Koozies - Neon Pink (Bride Tribe),"Bride To Be ""Mad Libs"""
56,Bride Koozies - White,Bride Tribe Koozies - Black,Bride Tribe Koozies - Pink,Sip Sip Hooray Banner,Bride Squad Paper Shot Cups (10 count),Pink & Gold Brushed Heart Balloon Set
57,Bride Pin - Gold,Miss to Mrs. Sashes - Black,Wine Eyed Drink Markers,Bride Headband - Gold,Flamingo String Lights,Bride Tribe Koozies - Black
58,Bride Pin - Pink,Mini Light Pink Heart Balloon Set,Pink Donut Drink Floaties Set,Mermaid Squad Tissue Paper Tassel Garland,Pink Chevron Party Straws,Mylar Love Calligraphy Balloon
59,Bride Pin - Silver,Cheers Bitches Can Coolers - Future Mrs. (White Koozie),Just Drunk Koozies - Pink,Cheers Bitches Can Coolers - Cheers Bitches (Pink Koozie),Bachelorette Bash Party Cups (8 count),Cactus Pins Party Pack - 10 Pack
60,Bride Squad Frost Flex Wine Cups (8 count),Black & Gold Brushed Heart Balloon Set,"Grey, Pink & Mint Drunk in Love Tanks - Drunk in Love (Grey Tank) ",Pink Party Balloons,Acrylic Confetti Wine Tumbler - Pink & Mint Ombre,Bachelorette Bash Acrylic Wine Tumbler
61,Bride Squad Gold Tattoo Party Pack,Sippity Yay! Frost Flex Cups (8 count),Pink Pineapple Mason Jar Sipper,Let's PARTAY! Frost Flex Shot Cups (8 count),Bride & Bride Tribe Sunnies - Bride Tribe (Pink Frames),Bride & Bride Tribe Sunnies - Bride
62,Bride Squad Napkins,"Drink Up, Bitches! Paper Shot Cups (10 count)",Bachelorette Bash Acrylic Wine Tumbler,Yay Wine! Wine Tumbler Set,Bride Tribe Pins Party Pack - 10 Pack,Drink Up Bitches! Napkins
63,Bride Squad Paper Shot Cups (10 count),Pink & Gold Brushed Heart Balloon Set,Acrylic Confetti Wine Tumbler - Blush Ombre,Bride Tribe Koozies - Pink,Acrylic Confetti Wine Tumbler - Pink Ombre,Mini Light Pink Heart Balloon Set
64,Bride Squad Shot Cups (10 count),Bride Zippered Pouch,Chillin' With My Beaches Party Cups (8 count),Bride's Drinking Team Shot Cups (10 count),Bride Squad Wine & Champagne Cups (8 count),This Se̱orita Needs a Margarita Napkins
65,Bride Squad Wine & Champagne Cups (8 count),My Heart On A String Banner,Squad Goals Banner,Bride's Drinking Team Shot Cups (10 count),I Said Yes! Shot Cups (8 count),Bride Headband - Gold
66,"Bride To Be ""Mad Libs""",Navy & Pink Bride's Drinking Team Shot Cups (8 count),Hangover Emergency Kit,Gettin' Hitched Tassel Garland,Gettin' Hitched Party Pins (10 Pack),Team Bride Dinner Plates
67,Bride To Be Booty Veil,Drunk in Love Koozies - Neon Pink (Just Drunk),Best Day Ever Gold Tattoo,Squad Goals Banner,Gold Bachelorette Nail Tattoos,Unicorn Drink Floaties Set
68,Bride To Be Headband - Gold,Drunk in Love Koozies - White,Champagne Campaign Koozies - Pink (Champagne Campaign),Daisy Sunnies,Flamingo Sunnies,Miss To Mrs Headband - Pink
69,Bride To Be Headband - Hot Pink,Bride Squad Frost Flex Wine Cups (8 count),Black & Gold Brushed Heart Balloon Set,Miss to Mrs. Sashes - Light Pink,Pink Party Balloons,Acrylic Confetti Wine Tumbler - Pink & Mint Ombre
70,Bride To Be Headband - Light Pink,Bride Squad Frost Flex Wine Cups (8 count),Inflatable Bride Crown,Black & Gold Brushed Heart Balloon Set,Cheer's Y'all Banner,Acrylic Confetti Wine Tumbler - Pink & Mint Ombre
71,Bride To Be Headband Veil,Drunk in Love Tanks - Just Drunk (Mint) ,Anchor Shot Cups (8 count),Mermaid Squad Tissue Paper Tassel Garland,Bride Tribe Gold Tattoo Party Pack - Party Pack (11 Bride Tribe / 1 Bride),Same Penis Forever Banner
72,Bride To Be Sashes - Black,Bride Tribe Pins Party Pack - 10 Pack,Mini Bride Crowns - Gold (Bride),Heart Sunnies - Black,Gold Bachelorette Tattoos Mix Pack,Final Fiesta Koozies - Green (Fiesta Siesta Tequila Repeat)
73,Bride To Be Sashes - Light Pink,Pin the Junk on the Hunk,Bride Tribe Tanks - Bride (Grey Tank) ,"Drink Up, Bitches! Shot Cups (10 count)",Clear Glass Diamond Sipper with Straw,Engagement Ring Garland
74,Bride To Be Sashes - White,"""Brides Have More Fun"" Tees - Blonde (Heather Black) ","""Brides Have More Fun"" Tees - Brunette (Heather Black) ","Let's Get Nauti Koozies (10 count) - Party Pack (1 White, 9 Navyl)",Let's Get Nauti Banner,Bride & Bride Tribe Sunnies - Bride Tribe (Neon Pink Frames)
75,Bride To Be Sunnies,Flamingo Sunnies,Bride Tribe Can Coolers - Black (Bride Tribe),Gold Pineapple Sipper,I Do Crew Gift Bags (Set of 5),Team Bride Balloons
76,Bride Tribe Can Coolers - Black (Bride Tribe),Bride To Be Sunnies,You Had Me at Tacos Napkins,Cheers Bitches Tanks - Cheers Bitches (Pink Tank) ,Chillin' With My Beaches Party Cups (8 count),Clear Glass Diamond Sipper with Straw
77,Bride Tribe Can Coolers - Pink (Bride Tribe),Bride Tribe Can Coolers - White (Bride),Bride Squad Gold Tattoo Party Pack,Drinking Buddies Drink Markers (6 Pack),Bachelorette Dare Cards,You Had Me at Tacos Napkins
78,Bride Tribe Can Coolers - White (Bride),Bride Tribe Can Coolers - Pink (Bride Tribe),Aloha Beaches Can Coolers - Aloha Beaches (Black Koozie),Pink & Green Pineapple Tumbler with Straw,Aloha Beaches Tanks - Aloha Beaches (Yellow Tank) ,Bride Squad Gold Tattoo Party Pack
79,Bride Tribe Frost Flex Cups (8 count),"Drink Up, Bitches! Paper Shot Cups (10 count)",Black & White Bride Tribe Tanks - Bride (White Tank) ,Bachelorette Bash Acrylic Wine Tumbler,Bride Squad Napkins,Bride Squad Paper Shot Cups (10 count)
80,Bride Tribe Gold Tattoo Party Pack - Party Pack (11 Bride Tribe / 1 Bride),Mermaid Squad Tissue Paper Tassel Garland,Drinking Buddies Drink Markers (6 Pack),Bride Tribe Gold Tattoo Party Pack - Single (1 Bride Tribe),Bride To Be Sashes - Black,White Pineapple Napkins
81,Bride Tribe Gold Tattoo Party Pack - Single (1 Bride Tribe),Bride Tribe Gold Tattoo Party Pack - Party Pack (11 Bride Tribe / 1 Bride),You Had Me at Tacos Napkins,Cheers Bitches Tanks - Cheers Bitches (Pink Tank) ,Chillin' With My Beaches Party Cups (8 count),Clear Glass Diamond Sipper with Straw
82,Bride Tribe Koozies - Black,Bride Koozies - White,Bride Pin - Gold,Palm Tree Drink Floaties Set,Drinking Buddies Drink Markers,Bride To Be Headband - Hot Pink
83,Bride Tribe Koozies - Black (Bride Tribe),Bride Tribe Koozies - White (Bride),Blush Gold Dots Snack Plates,Bride Tribe Sunnies - Bride Tribe (Black Frames),Bride Tribe Party Cups (8 count),Last Fling Before The Ring Napkins
84,Bride Tribe Koozies - Neon Pink (Bride Tribe),Bride Tribe Koozies - White (Bride),Bride Tribe Tanks - Bride Tribe (Mint) ,Bride Headband - White,Drunk in Love Koozies - Black (Just Drunk),Nashelorette Banner
85,Bride Tribe Koozies - Pink,Bride Koozies - White,Bride Squad Paper Shot Cups (10 count),Pink & Gold Brushed Heart Balloon Set,Last Fling Before The Ring Paper Shot Cups (10 count),Mini Light Pink Heart Balloon Set
86,Bride Tribe Koozies - White (Bride),Bride Tribe Koozies - Black (Bride Tribe),Bride Tribe Koozies - Neon Pink (Bride Tribe),Gettin' Hitched Party Pins (10 Pack),Navy & Pink Bride's Drinking Team Shot Cups (8 count),Feelin' Nauti Shot Cups (10 count)
87,Bride Tribe Party Cups (6 count),Future Mrs. | Cheers Bitches Tank Tops - Cheers Bitches (Pink Tank) ,Drink up Bitches! Frost Flex Cups (8 count),Just Drunk Koozies - Black,Bride & Bride Tribe Sunnies - Bride Tribe (Black Frames),Inflatable Hunk Ring Toss
88,Bride Tribe Party Cups (8 count),Pink Brush Confetti Snack Plates,I Said Yes! Napkins,Mermaid Squad Tassel Garland,Blush Gold Dots Snack Plates,Last Fling Before The Ring Napkins
89,Bride Tribe Pins Party Pack (Set of 12),Future Mrs. | Cheers Bitches Koozies - Future Mrs. (White Koozie),Pink Bachelorette Sash,Inflatable Selfie Frame,Daisy Sunnies,Bride Tribe Frost Flex Cups (8 count)
90,Bride Tribe Pins Party Pack - 10 Pack,"Drink Up, Bitches! Paper Shot Cups (10 count)",Bride Squad Napkins,Yay Wine! Wine Tumbler Set,Bachelorette Bash Acrylic Wine Tumbler,Gold Bachelorette Tattoos Mix Pack
91,Bride Tribe Pins Party Pack - 12 Pack,You Had Me at Tacos Napkins,Cheers Bitches Can Coolers - Future Mrs. (White Koozie),Cheers Bitches Tanks - Future Mrs. (White Tank) ,Chillin' With My Beaches Party Cups (8 count),Clear Glass Diamond Sipper with Straw
92,Bride Tribe Pins Party Pack - 15 Pack,Drink Up Bitches! Napkins,Sip Sip Hooray Banner,Bubbly Bar Banner,Mylar Love Calligraphy Balloon,She Said Yaaas Banner
93,Bride Tribe Stemless Wine Tumblers - Bride,Cheers Bitches Banner,Black & White Drunk in Love Tanks - Just Drunk (Black Tank) ,Let's Flamingle Snack Plates,Pineapple Snack Plates,Rose All Day Napkins
94,Bride Tribe Stemless Wine Tumblers - Bride Tribe,White Bachelorette Sash,Light Pink Party Balloons,Lingerie Shower Bingo,Black & White Drunk in Love Tanks - Drunk in Love (White Tank) ,Black & White Drunk in Love Tanks - Just Drunk (Black Tank) 
95,Bride Tribe Sunnies - Bride,Bride Tribe Sunnies - Bride Tribe (Black Frames),Bride Tribe Sunnies - Bride Tribe (Light Pink Frames),Bride Tribe Sunnies - Bride Tribe (Neon Pink Frames),Same Penis Forever Banner,Drunk in Love Can Coolers - Pink (Just Drunk)
96,Bride Tribe Sunnies - Bride Tribe (Black Frames),Bride Tribe Sunnies - Bride,Bride Tribe Sunnies - Bride Tribe (Neon Pink Frames),Bride Tribe Sunnies - Bride Tribe (Light Pink Frames),Aloha Beaches Koozies - White (Aloha Bride),Drunk in Love Can Coolers - Pink (Just Drunk)
97,Bride Tribe Sunnies - Bride Tribe (Light Pink Frames),Bride Tribe Sunnies - Bride,Bride Tribe Sunnies - Bride Tribe (Neon Pink Frames),Bride Tribe Sunnies - Bride Tribe (Black Frames),I Said Yes! Shot Cups (8 count),Aloha Beaches Koozies - White (Aloha Bride)
98,Bride Tribe Sunnies - Bride Tribe (Neon Pink Frames),Bride Tribe Sunnies - Bride,Bride Tribe Sunnies - Bride Tribe (Light Pink Frames),Bride Tribe Sunnies - Bride Tribe (Black Frames),Aloha Beaches Koozies - White (Aloha Bride),Mint Ombre Confetti Tumbler
99,Bride Tribe Tanks - Bride (Grey Tank) ,"Drink Up, Bitches! Shot Cups (10 count)",Bachelorette Bash Party Cups (8 count),Bachelorette Photo Booth Props,Bride To Be Sashes - Light Pink,Bride Tribe Tanks - Bride Tribe (Black Tank) 
100,Bride Tribe Tanks - Bride (White Tank) ,Bride Tribe Tanks - Bride Tribe (Black Tank) ,Bride Tribe Tanks - Bride Tribe (Mint) ,Bride Tribe Pins Party Pack - 10 Pack,Bride Tribe Tanks - Bride Tribe (Pink) ,Inflatable Bride Crown
101,Bride Tribe Tanks - Bride Tribe (Black Tank) ,Bride Tribe Tanks - Bride (White Tank) ,Bride Tribe Tanks - Bride Tribe (Mint) ,Bride Tribe Tanks - Bride (Grey Tank) ,Bride Tribe Pins Party Pack - 10 Pack,"Drink Up, Bitches! Shot Cups (10 count)"
102,Bride Tribe Tanks - Bride Tribe (Mint) ,Bride Tribe Tanks - Bride (White Tank) ,Bride Tribe Tanks - Bride Tribe (Black Tank) ,Bride Tribe Tanks - Bride Tribe (Pink) ,Bride Tribe Koozies - Neon Pink (Bride Tribe),Bride Headband
103,Bride Tribe Tanks - Bride Tribe (Pink) ,Bride Tribe Tanks - Bride Tribe (Mint) ,Bride Tribe Tanks - Bride Tribe (Black Tank) ,Bride Tribe Tanks - Bride (White Tank) ,Bride Tribe Koozies - Neon Pink (Bride Tribe),Custom Listing for Morgan Kelly
104,Bride Tribe Tassel Garland,Rose Gold Confetti Balloon Bundle,The Last Syrah Banner,Nashelorette Banner,Gold Photo Booth Backdrop,Drunk in Love Tanks - Just Drunk (Pink) 
105,Bride Tribe Tissue Paper Tassel Garland,Pink Ombre Confetti Tumbler,Last Fling Before The Ring Napkins,Bachelorette Bash Banner,Engagement Ring Garland,Unicorn Drink Floaties Set
106,Bride Zippered Pouch,Bride Squad Shot Cups (10 count),Drunk in Love Tanks - Just Drunk (Pink) ,Drunk in Love Tanks - Just Drunk (Black Tank) ,Pink Confetti Balloon Bundle,I Do Crew Gift Bags (Set of 5)
107,Bride's Babes Headband,You Had Me at Tacos Napkins,Drink Please! Bar Top Bell,Cheers Bitches Tanks - Future Mrs. (White Tank) ,Chillin' With My Beaches Party Cups (8 count),Clear Glass Diamond Sipper with Straw
108,Bride's Babes Party Cups (8 count),Ros̩ For Days Napkins,Cheers Beaches Banner,Last Fling Before The Ring Shot Cups (8 count),Nashelorette Banner,Miss to Mrs Confetti Balloons
109,Bride's Babes Tees - Bride (White) ,Bride's Babes Tees - Bride's Babes (Peach) ,"""Brides Have More Fun"" Tees - Blonde (Heather Black) ","""Brides Have More Fun"" Tees - Brunette (Heather Black) ",Bach & Boujee Banner,Mini Vino Before Vows Party Garland
110,Bride's Babes Tees - Bride's Babes (Peach) ,Bride's Babes Tees - Bride (White) ,"""Brides Have More Fun"" Tees - Blonde (Heather Black) ","""Brides Have More Fun"" Tees - Brunette (Heather Black) ",Bach & Boujee Banner,Mini Vino Before Vows Party Garland
111,Bride's Drinking Team Frost Flex Cups (8 count),Light Pink Bachelorette Bash Napkins,Last Fling Before The Ring Paper Shot Cups (10 count),Pink Polka Dot Party Straws,Pink Party Tissue Paper Tassel Garland,Pink Brush Confetti Snack Plates
112,Bride's Drinking Team Napkins,She Said Yes Napkins,Ros̩ For Days Napkins,Rose All Day Napkins,Same Penis Forever Party Cups (8 count),Future Mrs. Veil
113,Bride's Drinking Team Party Cups (8 count),Drunk in Love Koozies - Neon Pink (Just Drunk),I Said Yes! Napkins,Mini Bride Crowns - Silver (Plain),Rose All Day Napkins,Pink Brush Stripes Mini Treat Plates
114,Bride's Drinking Team Shot Cups (10 count),Bride Squad Wine & Champagne Cups (8 count),I Said Yes! Napkins,She Said Yes Napkins,I Said Yes! Shot Cups (8 count),Mermaid Squad Tassel Garland
115,Bride's Drinking Team Wine & Champagne Cups (8 count),Pink Diamond Tattoo Pack,Pink Donut Drink Floaties Set,Cheers Beaches Shot Cups (8 count),Drunk in Love Party Cups (8 count),Flamingo Straws
116,Bridesmaid Headband,Squad Headband,Retro Heart Sunnies - Light Pink (Pink Lenses),Future Wifey Headband,Wine Pins Party Pack - 10 Pack,Bachelorette Photo Booth Props
117,Bridesmaid Party Buttons (6 Pack) - Hot Pink,On Lake Time Napkins,You Had Me At Merlot Party Cups (8 count),Rose Gold Team Bride Confetti,Final Fiesta Koozies - Green (Fiesta Siesta Tequila Repeat),Miss to Mrs Confetti Balloons
118,Bridesmaid Party Buttons (6 Pack) - Light Pink,Matron of Honor Headband,Team Bride Party Straws,You Had Me at Tacos Napkins,Double Date Photo Booth Props,Cheers Bitches Tanks - Future Mrs. (White Tank) 
119,Bubbly Bar Banner,Pop The Bubbly Napkins,Pink Champagne Tissue Paper Tassel Garland,Bride Squad Frost Flex Wine Cups (8 count),Black & Gold Brushed Heart Balloon Set,I Do Crew Gold Confetti Balloons
120,Cactus Party Tassel Garland,You Had Me at Tacos Napkins,Final Fiesta Koozies - White (It's My Final Fiesta),Final Fiesta Tanks - No Time To Siesta (Bride) ,Mini Cactus Party Garland,Mylar Love Calligraphy Balloon
121,Cactus Party Tissue Paper Tassel Garland,Final Fiesta Banner,Final Fiesta Tanks - No Time To Siesta (Bride) ,Final Fiesta Tanks - Fiesta Siesta Tequila Repeat (Guests) ,You Had Me at Tacos Napkins,Diamond Treat Toppers
122,Cactus Pins Party Pack - 10 Pack,Bride Pin - Silver,Final Fiesta Tissue Paper Tassel Garland,Same Penis Forever Party Cups (8 count),Let's Get Smashed Shot Cups (8 count),"Champagne Campaign Tanks - Pop The Champagne, I'm Changing My Last Name (White) "
123,Cactus Snack Plates,Sip Sip Ole Napkins,Mini Cactus Party Garland,Final Fiesta Banner,Final Fiesta Tassel Garland,Final Fiesta Snack Plates
124,Champagne Campaign Koozies (10 Pack) - Single Koozie (Pink),Champagne Campaign Koozies (10 Pack) - Single Koozie (White),You Had Me at Tacos Napkins,Drink Please! Bar Top Bell,Cheers Bitches Tanks - Future Mrs. (White Tank) ,Chillin' With My Beaches Party Cups (8 count)
125,Champagne Campaign Koozies (10 Pack) - Single Koozie (White),Champagne Campaign Koozies (10 Pack) - Single Koozie (White),You Had Me at Tacos Napkins,Drink Please! Bar Top Bell,Cheers Bitches Tanks - Future Mrs. (White Tank) ,Chillin' With My Beaches Party Cups (8 count)
126,Champagne Campaign Koozies - Pink (Champagne Campaign),Champagne Campaign Koozies - White (Pop The Champagne),Gettin' Hitched Banner,Last Fling Balloon Letter Kit,Daisy Sunnies,Diamond Treat Toppers
127,Champagne Campaign Koozies - White (Pop The Champagne),Champagne Campaign Koozies - Pink (Champagne Campaign),Gettin' Hitched Banner,Retro Heart Sunnies - White,Inflatable Bride Crown,Last Fling Balloon Letter Kit
128,Champagne Campaign Party Cups (8 count),Rose Gold Team Bride Confetti,She Said Yes Napkins,Rose Gold Ring Bling Napkins,Last Fling Before The Ring Shot Cups (8 count),Engagement Ring Drink Stirrers
129,Champagne Campaign Tanks - Champagne Campaign (Heather Black) ,"Champagne Campaign Tanks - Pop The Champagne, I'm Changing My Last Name (White) ",Drunk in Love Koozies - Neon Pink (Just Drunk),Pink Foil Photo Booth Backdrop,Lake Life Tanks - Lake Life (Teal) ,You Had Me At Merlot Party Cups (8 count)
130,"Champagne Campaign Tanks - Pop The Champagne, I'm Changing My Last Name (White) ",Champagne Campaign Tanks - Champagne Campaign (Heather Black) ,Drunk in Love Koozies - Neon Pink (Just Drunk),Cheers Bitches Tanks - Future Mrs. (White Tank) ,Pink Foil Photo Booth Backdrop,Pin the Junk on the Hunk
131,Cheer's Y'all Banner,Clear Glass Diamond Sipper with Straw,Black & Gold Brushed Heart Balloon Set,Photo Booth Props Party Pack,Bride Squad Frost Flex Wine Cups (8 count),Magnolias & Mimosas Tissue Paper Tassel Garland
132,Cheers Beaches Balloon Letter Kit,Cheers Beaches Balloon Letter Kit,Mini Cheers Beaches Party Garland,"Sun & Sand Koozies (10 count) - Party Pack (1 White, 9 Coral)",Cheers Beaches Confetti Balloon Bundle,You Had Me at Tacos Napkins
133,Cheers Beaches Banner,Sun & Sand Party Cups (8 count),"Sun & Sand Koozies (10 count) - Party Pack (1 White, 9 Coral)",Cheers Beaches Confetti Balloon Bundle,Bride's Babes Party Cups (8 count),Engagement Ring Garland
134,Cheers Beaches Confetti Balloon Bundle,"Sun & Sand Koozies (10 count) - Party Pack (1 White, 9 Coral)",Cheers Beaches Tassel Garland,Cheers Beaches Balloon Letter Kit,Sun & Sand Party Cups (8 count),Cheers Beaches Banner
135,Cheers Beaches Napkins,Drunk in Love Koozies - Neon Pink (Just Drunk),Unicorn Drink Floaties Set,Sip Sip Hooray Banner,Miss To Mrs. Memory Book,Drunk in Love Koozies - White (Drunk in Love)
136,Cheers Beaches Party Cups (8 count),Pink Foil Photo Booth Backdrop,Bachelorette Bash Party Cups (8 count),Flamingo Straws,Miss to Mrs. Banner,Pink Party Tissue Paper Tassel Garland
137,Cheers Beaches Shot Cups (8 count),Bride's Drinking Team Wine & Champagne Cups (8 count),I Said Yes! Shot Cups (8 count),Mini Cactus String Lights,Island Party Tissue Paper Tassel Garland,Pink Diamond Tattoo Pack
138,Cheers Beaches Tassel Garland,Cheers Beaches Balloon Letter Kit,Mini Cheers Beaches Party Garland,"Sun & Sand Koozies (10 count) - Party Pack (1 White, 9 Coral)",Cheers Beaches Confetti Balloon Bundle,You Had Me at Tacos Napkins
139,Cheers Bitches Banner,Bride Tribe Stemless Wine Tumblers - Bride,Drink Please! Bar Top Bell,"Drink Up, Bitches! Shot Cups (10 count)",Wine Pins Party Pack - 10 Pack,Black & White Drunk in Love Tanks - Just Drunk (Black Tank) 
140,Cheers Bitches Can Coolers - Cheers Bitches (Pink Koozie),Cheers Bitches Can Coolers - Future Mrs. (White Koozie),Bride Pin - Silver,I Got The Hubby | We Got The Bubbly Party Cups (8 count),Final Fiesta Tanks - No Time To Siesta (Bride) ,Mylar Love Calligraphy Balloon
141,Cheers Bitches Can Coolers - Future Mrs. (White Koozie),Cheers Bitches Can Coolers - Cheers Bitches (Pink Koozie),Bride Pin - Silver,I Got The Hubby | We Got The Bubbly Party Cups (8 count),Drink Please! Bar Top Bell,Chillin' With My Beaches Party Cups (8 count)
142,Cheers Bitches Tanks - Cheers Bitches (Pink Tank) ,You Had Me at Tacos Napkins,Drunk in Love Koozies - Neon Pink (Just Drunk),Cheers Bitches Tanks - Future Mrs. (White Tank) ,Chillin' With My Beaches Party Cups (8 count),Clear Glass Diamond Sipper with Straw
143,Cheers Bitches Tanks - Future Mrs. (White Tank) ,Pink Ombre Confetti Tumbler,"Champagne Campaign Tanks - Pop The Champagne, I'm Changing My Last Name (White) ",You Had Me at Tacos Napkins,Double Date Photo Booth Props,Chillin' With My Beaches Party Cups (8 count)
144,Chillin' With My Beaches Party Cups (8 count),Bride Squad Shot Cups (10 count),Bach Bash Balloon Letter Kit,Drinking Buddies Drink Markers (6 Pack),Tropical Prosecco Pong,Gold Stripe Party Straws
145,Clear Glass Diamond Sipper with Straw,Wine & Blush Tassel Garland,Cheer's Y'all Banner,Bride's Drinking Team Shot Cups (10 count),Retro Heart Sunnies - Light Pink,Nashelorette Banner
146,Confetti Balloons,Pink Pineapple Mason Jar Sipper,Sippity Yay! Frost Flex Cups (8 count),Booze Party Cups (8 count),Sippity Yay! Party Cups (8 count),Let's PARTAY! Frost Flex Shot Cups (8 count)
147,Cowboy Hat & Future Mrs. Veil,Gettin' Hitched Banner,Gettin' Hitched Sash,You Had Me at Tacos Napkins,Double Date Photo Booth Props,Cheers Bitches Tanks - Cheers Bitches (Pink Tank) 
148,Custom Listing for Evana Ryan,Drinking Buddies Drink Markers (12 Pack),You Had Me at Tacos Napkins,Double Date Photo Booth Props,Cheers Bitches Tanks - Cheers Bitches (Pink Tank) ,Cheers Bitches Tanks - Future Mrs. (White Tank) 
149,Custom Listing for Morgan Kelly,You Had Me at Tacos Napkins,Drunk in Love Koozies - Neon Pink (Just Drunk),Cheers Bitches Tanks - Cheers Bitches (Pink Tank) ,Cheers Bitches Tanks - Future Mrs. (White Tank) ,Chillin' With My Beaches Party Cups (8 count)
150,Daisy Sunnies,Sun & Sand Koozies (10 count) - Single Koozie (White),Future Mrs. | Cheers Bitches Koozies - Future Mrs. (White Koozie),Bride Tribe Pins Party Pack (Set of 12),Miss To Mrs Headband - Gold,Pink Bachelorette Sash
151,Day Drinker Confetti Tumbler,Bachelorette Headband Party Pack,Cheers Bitches Can Coolers - Future Mrs. (White Koozie),Cheers Bitches Tanks - Future Mrs. (White Tank) ,Chillin' With My Beaches Party Cups (8 count),Clear Glass Diamond Sipper with Straw
152,Diamond Treat Toppers,"Drink Up, Bitches! Paper Shot Cups (10 count)",Pink Party Tassel Garland,Lingerie Shower Garland,Bachelorette Bash Acrylic Wine Tumbler,Team Bride Dinner Plates
153,Double Date Photo Booth Props,You Had Me at Tacos Napkins,Drunk in Love Koozies - Neon Pink (Just Drunk),Cheers Bitches Tanks - Cheers Bitches (Pink Tank) ,Cheers Bitches Tanks - Future Mrs. (White Tank) ,Chillin' With My Beaches Party Cups (8 count)
154,Drink Please! Bar Top Bell,Cheers Bitches Banner,Bachelorette Mini Crowns - Gold (Bride),Team Bride Gold Tattoo Party Pack,Bride To Be Booty Veil,Bride To Be Headband Veil
155,Drink Up Bitches! Napkins,"Drink Up, Bitches! Paper Shot Cups (10 count)",Bride Squad Napkins,Drinking Chaps Drink Markers,Yay Wine! Wine Tumbler Set,Bachelorette Bash Acrylic Wine Tumbler
156,"Drink Up, Bitches! Paper Shot Cups (10 count)",Bride Squad Napkins,Yay Wine! Wine Tumbler Set,Bachelorette Bash Acrylic Wine Tumbler,Drink Up Bitches! Napkins,Bride Tribe Pins Party Pack - 10 Pack
157,"Drink Up, Bitches! Shot Cups (10 count)",Bride Tribe Tanks - Bride (Grey Tank) ,Bachelorette Bash Party Cups (8 count),Cheers Bitches Banner,Bachelorette Photo Booth Props,Bride To Be Sashes - Light Pink
158,Drink up Bitches! Frost Flex Cups (8 count),Bride Tribe Party Cups (6 count),Future Mrs. | Cheers Bitches Tank Tops - Cheers Bitches (Pink Tank) ,Just Drunk Koozies - Black,Bride & Bride Tribe Sunnies - Bride Tribe (Black Frames),Inflatable Hunk Ring Toss
159,Drinking Buddies Drink Markers,Bride Koozies - White,Last Fling Before The Ring Paper Shot Cups (10 count),Bride Tribe Koozies - Black,Palm Tree Drink Floaties Set,Booze Party Cups (8 count)
160,Drinking Buddies Drink Markers (12 Pack),Rose Gold Confetti Balloon Bundle,Bride's Drinking Team Wine & Champagne Cups (8 count),Anchor Shot Cups (8 count),Custom Listing for Evana Ryan,Miss To Mrs Headband - White
161,Drinking Buddies Drink Markers (6 Pack),Gold Pineapple Sipper,Retro Heart Sunnies - Light Pink (Pink Lenses),Bride Tribe Gold Tattoo Party Pack - Party Pack (11 Bride Tribe / 1 Bride),Chillin' With My Beaches Party Cups (8 count),Anchor Shot Cups (8 count)
162,Drinking Chaps Drink Markers,Drink Up Bitches! Napkins,Drinking Buddies Drink Markers,You Had Me at Tacos Napkins,Diamond Treat Toppers,Cheers Bitches Tanks - Cheers Bitches (Pink Tank) 
163,Drunk in Love Banner,Booze Party Cups (8 count),Squad Goals Banner,Drunk in Love Koozies - White,Confetti Balloons,Gold & Pink Heart Napkins
164,Drunk in Love Can Coolers - Pink (Just Drunk),Gold & Pink Heart Napkins,Drunk in Love Can Coolers - White (Drunk in Love),Pink Polka Dot Party Straws,Mini Bride Crowns - Gold (Bride),Pink Chevron Party Straws
165,Drunk in Love Can Coolers - White (Drunk in Love),Drunk in Love Can Coolers - Pink (Just Drunk),Bride Tribe Sunnies - Bride Tribe (Black Frames),Bride Tribe Sunnies - Bride,You Had Me at Tacos Napkins,Diamond Treat Toppers
166,Drunk in Love Frost Flex Cups (8 count),Yay Wine! Wine Tumbler Set,Bach Shit Crazy Banner,Diamond Treat Toppers,Gold Bachelorette Tattoos Mix Pack,Flamingo Napkins
167,Drunk in Love Koozies - Black (Just Drunk),Drunk in Love Koozies - White (Drunk in Love),Pink Ombre Confetti Tumbler,Bride Tribe Koozies - Neon Pink (Bride Tribe),Blue & Purple Confetti Tumbler,Drunk in Love Party Cups (8 count)
168,Drunk in Love Koozies - Neon Pink (Just Drunk),Cheers Beaches Napkins,Sip Sip Hooray Banner,Drunk in Love Koozies - White (Drunk in Love),Pink Champagne Tissue Paper Tassel Garland,Lingerie Shower Garland
169,Drunk in Love Koozies - White,Just Drunk Koozies - Black,Just Drunk Koozies - Pink,Kiss Kiss Tattoo Pack,Future Mrs. | Cheers Bitches Tank Tops - Future Mrs. (White Tank) ,White Bachelorette Sash
170,Drunk in Love Koozies - White (Drunk in Love),Drunk in Love Koozies - Black (Just Drunk),Drunk in Love Koozies - Neon Pink (Just Drunk),Cheers Beaches Napkins,Sip Sip Hooray Banner,Drunk in Love Party Cups (8 count)
171,Drunk in Love Party Cups (8 count),Bride's Drinking Team Wine & Champagne Cups (8 count),Feyonc̩ Headband - Hot Pink,Gold Foil Stripes Napkins,Pink Donut Drink Floaties Set,Pink Diamond Tattoo Pack
172,Drunk in Love Stemless Wine Tumblers - Drunk in Love,Drunk in Love Stemless Wine Tumblers - Just Drunk,Heart Sunnies - Hot Pink,Heart Sunnies - White,You Had Me at Tacos Napkins,Double Date Photo Booth Props
173,Drunk in Love Stemless Wine Tumblers - Just Drunk,Drunk in Love Stemless Wine Tumblers - Just Drunk,Heart Sunnies - Hot Pink,Heart Sunnies - White,You Had Me at Tacos Napkins,Double Date Photo Booth Props
174,Drunk in Love Tanks - Drunk in Love (Grey) ,Drunk in Love Tanks - Just Drunk (Mint) ,Final Fiesta Tanks - No Time To Siesta (White) ,Drunk in Love Tanks - Just Drunk (Pink) ,Final Fiesta Koozies - Orange (Fiesta Siesta Tequila Repeat),Final Fiesta Tanks - Fiesta Siesta Tequila Repeat (Orange) 
175,Drunk in Love Tanks - Drunk in Love (White Tank) ,Drunk in Love Tanks - Just Drunk (Black Tank) ,Sun & Sand Koozies (10 count) - Single Koozie (White),Drunk in Love Tanks - Just Drunk (Pink) ,Daisy Sunnies,Drinking Buddies Drink Markers (12 Pack)
176,Drunk in Love Tanks - Just Drunk (Black Tank) ,Drunk in Love Tanks - Drunk in Love (White Tank) ,Bride Zippered Pouch,Drunk in Love Tanks - Just Drunk (Pink) ,Drinking Buddies Drink Markers (12 Pack),Diamond Treat Toppers
177,Drunk in Love Tanks - Just Drunk (Mint) ,Drunk in Love Tanks - Drunk in Love (Grey) ,Final Fiesta Tanks - No Time To Siesta (White) ,Final Fiesta Tanks - Fiesta Siesta Tequila Repeat (Orange) ,I Do Crew Gift Bags (Set of 5),I Do Crew Flower Crowns - Pink
178,Drunk in Love Tanks - Just Drunk (Pink) ,Sun & Sand Koozies (10 count) - Single Koozie (White),Bride Zippered Pouch,Drunk in Love Tanks - Drunk in Love (Grey) ,Daisy Sunnies,Drunk in Love Tanks - Just Drunk (Black Tank) 
179,Drunk in Love Tattoo Pack,Pink Diamond Tattoo Pack,Ring Bling Napkins,You Had Me at Tacos Napkins,Diamond Treat Toppers,Cheers Bitches Tanks - Cheers Bitches (Pink Tank) 
180,Engaged AF Banner,My Heart On A String Banner,Blush Ombre Mini Paper Treat Plates,Pink & Mint Confetti Tumbler,Bride Squad Wine & Champagne Cups (8 count),Pop The Bubbly Napkins
181,Engagement Ring Drink Floaties Set,Pineapple Drink Floaties Set,Flamingo Drink Floaties Set,Unicorn Drink Floaties Set,Anchor Shot Cups (8 count),Sun & Sand Party Cups - 8 Pack
182,Engagement Ring Drink Stirrers,Champagne Campaign Party Cups (8 count),Pineapple Cheers! Napkins,Bride Headband,Pink Champagne Tassel Garland,Pineapple Snack Plates
183,Engagement Ring Garland,Last Fling Before The Ring Napkins,"36"" Mylar Engagement Ring Balloon",Bride To Be Sashes - Light Pink,Bride Tribe Tissue Paper Tassel Garland,Engagement Ring Drink Stirrers
184,Feelin' Nauti Napkins,Last Sail Before The Veil Banner,Mini Bride Crowns - Silver (Plain),Let's Get Nauti Tassel Garland,Nauti Bride Sash,Mermaid Squad Tanks - Mermaid Bride (White) 
185,Feelin' Nauti Shot Cups (10 count),You Had Me at Tacos Napkins,Future Wifey Headband,I Do Crew Gold Confetti Balloons,Bride Tribe Koozies - White (Bride),Last Fling Before The Ring Napkins
186,Feeling Tipsy Frost Flex Wine Cups (8 count),Purple Donut Drink Floaties Set,Pink Donut Drink Floaties Set,Palm Tree Drink Floaties Set,Pineapple Drink Floaties Set,Flamingo Drink Floaties Set
187,Feyonc̩ Headband - Hot Pink,Pink Polka Dot Party Straws,Drunk in Love Party Cups (8 count),Ring Bling Napkins,You Had Me at Tacos Napkins,Diamond Treat Toppers
188,Fianc̩e Zippered Confetti Pouch,Magic Mike Drinking Buddies (4 Pack),I Do Crew Napkins,Prosecco Pong,I Do Crew Photo Booth Props,Gold Photo Booth Backdrop
189,Final Fiesta Balloon Letter Kit,Final Fiesta Tassel Garland,Final Fiesta Koozies - Orange (Fiesta Siesta Tequila Repeat),Squad Goals Banner,Final Fiesta Koozies - White (It's My Final Fiesta),Final Fiesta Tanks - No Time To Siesta (Bride) 
190,Final Fiesta Banner,Final Fiesta Tissue Paper Tassel Garland,Final Fiesta Tassel Garland,Final Fiesta Tanks - No Time To Siesta (Bride) ,Best Day Ever Gold Tattoo,Let's Get Smashed Shot Cups (8 count)
191,Final Fiesta Koozies - Green (Fiesta Siesta Tequila Repeat),Final Fiesta Koozies - White (It's My Final Fiesta),Final Fiesta Koozies - Orange (Fiesta Siesta Tequila Repeat),Bridesmaid Party Buttons (6 Pack) - Hot Pink,Bride To Be Sashes - Black,Final Fiesta Party Cups (8 count)
192,Final Fiesta Koozies - Orange (Fiesta Siesta Tequila Repeat),Final Fiesta Koozies - White (It's My Final Fiesta),Final Fiesta Koozies - Green (Fiesta Siesta Tequila Repeat),Final Fiesta Balloon Letter Kit,Final Fiesta Tassel Garland,Drunk in Love Tanks - Drunk in Love (Grey) 
193,Final Fiesta Koozies - White (It's My Final Fiesta),Final Fiesta Koozies - Green (Fiesta Siesta Tequila Repeat),Final Fiesta Koozies - Orange (Fiesta Siesta Tequila Repeat),Mini Cactus Party Garland,Final Fiesta Balloon Letter Kit,Cactus Party Tassel Garland
194,Final Fiesta Party Cups (8 count),You Had Me at Tacos Napkins,Final Fiesta Tassel Garland,Sip Sip Ole Napkins,Final Fiesta Sombrero & Future Mrs. Veil,Nacho Average Bach Banner
195,Final Fiesta Party Cups - 15 Pack,Cheers Bitches Can Coolers - Future Mrs. (White Koozie),Cheers Bitches Tanks - Cheers Bitches (Pink Tank) ,Cheers Bitches Tanks - Future Mrs. (White Tank) ,Chillin' With My Beaches Party Cups (8 count),Clear Glass Diamond Sipper with Straw
196,Final Fiesta Snack Plates,Nacho Average Bach Banner,Pink Party Tassel Garland,Pineapple Cheers! Napkins,You Had Me at Tacos Napkins,Final Fiesta Tassel Garland
197,Final Fiesta Sombrero & Future Mrs. Veil,You Had Me at Tacos Napkins,Nacho Average Bach Banner,Final Fiesta Party Cups (8 count),This Se̱orita Needs a Margarita Napkins,Final Fiesta Banner
198,Final Fiesta Tanks - Fiesta Siesta Tequila Repeat (Guests) ,Final Fiesta Tanks - No Time To Siesta (Bride) ,Cactus Party Tissue Paper Tassel Garland,Final Fiesta Banner,Final Fiesta Balloon Letter Kit,Resting Beach Face Napkins
199,Final Fiesta Tanks - Fiesta Siesta Tequila Repeat (Orange) ,Final Fiesta Tanks - No Time To Siesta (White) ,Drunk in Love Tanks - Just Drunk (Mint) ,Lake Life Tanks - Lake Life (Teal) ,Drunk in Love Tanks - Drunk in Love (Grey) ,You Had Me At Merlot Party Cups (8 count)
200,Final Fiesta Tanks - No Time To Siesta (Bride) ,Final Fiesta Tanks - Fiesta Siesta Tequila Repeat (Guests) ,Final Fiesta Banner,Final Fiesta Balloon Letter Kit,Cactus Party Tassel Garland,Cactus Party Tissue Paper Tassel Garland
201,Final Fiesta Tanks - No Time To Siesta (White) ,Final Fiesta Tanks - Fiesta Siesta Tequila Repeat (Orange) ,Drunk in Love Tanks - Just Drunk (Mint) ,Drunk in Love Tanks - Drunk in Love (Grey) ,I Do Crew Gift Bags (Set of 5),I Do Crew Flower Crowns - Pink
202,Final Fiesta Tassel Garland,Final Fiesta Balloon Letter Kit,Mini Cactus Party Garland,Final Fiesta Banner,Final Fiesta Koozies - Orange (Fiesta Siesta Tequila Repeat),Final Fiesta Party Cups (8 count)
203,Final Fiesta Tissue Paper Tassel Garland,Final Fiesta Banner,Let's Get Smashed Shot Cups (8 count),Cactus Pins Party Pack - 10 Pack,Bride Pin - Silver,Final Fiesta Tanks - No Time To Siesta (Bride) 
204,Flamingo Drink Floaties Set,Pineapple Drink Floaties Set,Palm Tree Drink Floaties Set,Engagement Ring Drink Floaties Set,Let's Flamingle Snack Plates,Pineapple Party Napkins
205,Flamingo Napkins,Sippity Yay! Party Cups (8 count),Pineapple Party Napkins,Flamingo Straws,Pineapple Mini Treat Plates,I Said Yes! Shot Cups (8 count)
206,Flamingo Straws,Palm Tree Drink Floaties Set,Bride's Drinking Team Wine & Champagne Cups (8 count),Flamingo Drink Floaties Set,Sippity Yay! Party Cups (8 count),Bride Tribe Tanks - Bride (Grey Tank) 
207,Flamingo String Lights,Pink Brush Stripes Mini Treat Plates,Tropical Prosecco Pong,Bride Pin - Gold,Bach Bash Balloon Letter Kit,Starfish Veil
208,Flamingo Sunnies,Pineapple Sunnies,"Grey, Pink & Mint Bride Tribe Tanks - Bride Tribe (Mint Tank) ","Grey, Pink & Mint Bride Tribe Tanks - Bride (Grey Tank) ",Pineapple Party Napkins,Bride To Be Sunnies
209,Fluffy Pom-Pom Bachelorette Beanies - Black (Babe),Fluffy Pom-Pom Bachelorette Beanies - White (Bride),Korean Sheet Mask Set (7 Pack),Cheers Bitches Tanks - Future Mrs. (White Tank) ,Chillin' With My Beaches Party Cups (8 count),Clear Glass Diamond Sipper with Straw
210,Fluffy Pom-Pom Bachelorette Beanies - White (Bride),Fluffy Pom-Pom Bachelorette Beanies - Black (Babe),Miss To Mrs. Memory Book,Team Bride Photo Booth Props,Diamond Treat Toppers,Cheers Bitches Can Coolers - Future Mrs. (White Koozie)
211,Future Mrs. Veil,Navy & Pink Bride's Drinking Team Shot Cups (8 count),Gettin' Hitched Party Pins (10 Pack),Hello Sailor Napkins,Miss to Mrs. Sashes - Black,She Said Yes Napkins
212,Future Mrs. | Cheers Bitches Koozies - Cheers Bitches (Pink Koozie),Future Mrs. | Cheers Bitches Koozies - Future Mrs. (White Koozie),Bachelorette Tattoo Party Pack,Light Pink Bachelorette Bash Napkins,Bride & Bride Tribe Sunnies - Bride,Bachelorette Dare Cards
213,Future Mrs. | Cheers Bitches Koozies - Future Mrs. (White Koozie),Future Mrs. | Cheers Bitches Koozies - Cheers Bitches (Pink Koozie),Bride Tribe Pins Party Pack (Set of 12),Pink Bachelorette Sash,Inflatable Selfie Frame,Daisy Sunnies
214,Future Mrs. | Cheers Bitches Tank Tops - Cheers Bitches (Pink Tank) ,Just Drunk Koozies - Black,Bride Tribe Party Cups (6 count),Future Mrs. | Cheers Bitches Tank Tops - Future Mrs. (White Tank) ,White Bachelorette Sash,Bride & Bride Tribe Sunnies - Bride Tribe (Black Frames)
215,Future Mrs. | Cheers Bitches Tank Tops - Future Mrs. (White Tank) ,Future Mrs. | Cheers Bitches Tank Tops - Cheers Bitches (Pink Tank) ,White Bachelorette Sash,Just Drunk Koozies - Black,Bachelorette Mini Crowns - Gold (Bride),Drunk in Love Koozies - White
216,Future Wifey Headband,Feelin' Nauti Shot Cups (10 count),Mini Hot Pink Heart Balloon Set,Bridesmaid Headband,Squad Headband,Matron of Honor Headband
217,Gettin' Hitched Banner,Cowboy Hat & Future Mrs. Veil,Mini Boots & Bling Garland,Gettin' Hitched Sash,Champagne Campaign Koozies - Pink (Champagne Campaign),Champagne Campaign Koozies - White (Pop The Champagne)
218,Gettin' Hitched Party Bandanas - Red,Gettin' Hitched Party Bandanas - White (Bride),Bach & Boujee Party Cups (8 count),"Bach & Boujee Koozies (10 count) - Party Pack (1 White, 9 Black)",Bach & Boujee Banner,Rose Gold Team Bride Confetti
219,Gettin' Hitched Party Bandanas - White (Bride),"Bach & Boujee Koozies (10 count) - Party Pack (1 White, 9 Black)",Bach & Boujee Banner,Gettin' Hitched Party Bandanas - Red,Bach & Boujee Party Cups (8 count),Rose Gold Team Bride Confetti
220,Gettin' Hitched Party Pins (10 Pack),Gettin' Hitched Party Pins (10 Pack),Gettin' Hitched Sash,"Bride To Be ""Mad Libs""",Same Penis Forever Party Cups (8 count),Future Mrs. Veil
221,Gettin' Hitched Sash,Gettin' Hitched Party Pins (10 Pack),Navy & Pink Bride's Drinking Team Shot Cups (8 count),Cowboy Hat & Future Mrs. Veil,Bachelorette Headband Party Pack (8 Pack),Gettin' Hitched Banner
222,Gettin' Hitched Tassel Garland,"Bride To Be ""Mad Libs""",You Had Me at Tacos Napkins,Drink Please! Bar Top Bell,Cheers Bitches Tanks - Future Mrs. (White Tank) ,Chillin' With My Beaches Party Cups (8 count)
223,Giant Pineapple Pool Float,Ring Bling Napkins,Drunk in Love Banner,Let's Flamingle Banner,Pineapple Drink Floaties Set,Rose Gold Ring Bling Napkins
224,Giant Pink Flamingo Pool Float,Sippity Yay! Party Cups (8 count),Pineapple Mini Treat Plates,Retro Heart Sunnies - Light Pink (Pink Lenses),"36"" Mylar Flamingo Balloon",Mini Bride Crowns - Gold (Bride)
225,Giant White Swan Pool Float,Wine Pins Party Pack - 10 Pack,Miss to Mrs Balloon Letter Kit,Pink Confetti Balloon Bundle,Pink Ombre Confetti Tumbler,I Do Crew Flower Crowns - Pink
226,Gold & Pink Heart Napkins,Booze Party Cups (8 count),Mini Gold Heart Balloon Set,Purple Donut Drink Floaties Set,Drunk in Love Can Coolers - Pink (Just Drunk),Pink Polka Dot Party Straws
227,Gold Bachelorette Nail Tattoos,Bride To Be Booty Veil,You Had Me at Tacos Napkins,Drink Please! Bar Top Bell,Cheers Bitches Tanks - Future Mrs. (White Tank) ,Chillin' With My Beaches Party Cups (8 count)
228,Gold Bachelorette Tattoos Mix Pack,Bride Tribe Pins Party Pack - 10 Pack,"Drink Up, Bitches! Paper Shot Cups (10 count)",Bride Squad Napkins,Yay Wine! Wine Tumbler Set,Bachelorette Bash Acrylic Wine Tumbler
229,Gold Bride Tribe Tattoo Party Pack - Party Pack (11 Bride Tribe / 1 Bride),Inflatable Selfie Frame,She Said Yaaas Banner,You Had Me at Tacos Napkins,Chillin' With My Beaches Party Cups (8 count),Clear Glass Diamond Sipper with Straw
230,Gold Chevron Party Straws,"Drink Up, Bitches! Paper Shot Cups (10 count)",Yay Wine! Wine Tumbler Set,Bride Squad Napkins,Bachelorette Bash Acrylic Wine Tumbler,Pineapple Party Napkins
231,Gold Foil Stripes Napkins,I Got The Hubby | We Got The Bubbly Frost Flex Cups (8 count),Heart Drink Stirrers,Booze Frost Flex Cups (8 count),Inflatable Selfie Frame,Blush Ombre Dots Snack Plates
232,Gold Photo Booth Backdrop,Bride Tribe Tassel Garland,Rose Gold Ring Bling Napkins,I Do Crew Napkins,Rose Gold Confetti Balloon Bundle,Clear Glass Diamond Sipper with Straw
233,Gold Pineapple Sipper,White Pineapple Napkins,Squad Goals Banner,Let's Get Smashed Shot Cups (8 count),Bride To Be Sunnies,Rainbow Sherbet Tissue Paper Tassel Garland
234,Gold Polka Dot Party Straws,Bride Tribe Koozies - Pink,Sip Sip Hooray Banner,Miss To Mrs Headband - White,White Pineapple Napkins,Sippity Yay! Frost Flex Cups (8 count)
235,Gold Stripe Party Straws,Bach Bash Balloon Letter Kit,Pink Chevron Party Straws,Bride Tribe Stemless Wine Tumblers - Bride Tribe,Lingerie & Heart Cookie Cutter Set,Photo Booth Props Party Pack
236,"Green Final Fiesta Koozies (10 Count) - Party Pack (9 Green, 1 White)",Green Final Fiesta Koozies (10 Count) - Single Koozie (Green),You Had Me at Tacos Napkins,Drink Please! Bar Top Bell,Cheers Bitches Tanks - Future Mrs. (White Tank) ,Chillin' With My Beaches Party Cups (8 count)
237,Green Final Fiesta Koozies (10 Count) - Single Koozie (Green),Green Final Fiesta Koozies (10 Count) - Single Koozie (Green),You Had Me at Tacos Napkins,Drink Please! Bar Top Bell,Cheers Bitches Tanks - Future Mrs. (White Tank) ,Chillin' With My Beaches Party Cups (8 count)
238,"Grey, Pink & Mint Bride Tribe Tanks - Bride (Grey Tank) ","Grey, Pink & Mint Bride Tribe Tanks - Bride Tribe (Pink Tank) ","Grey, Pink & Mint Bride Tribe Tanks - Bride Tribe (Mint Tank) ",Pineapple Sunnies,Flamingo Sunnies,Custom Listing for Morgan Kelly
239,"Grey, Pink & Mint Bride Tribe Tanks - Bride Tribe (Mint Tank) ","Grey, Pink & Mint Bride Tribe Tanks - Bride Tribe (Pink Tank) ","Grey, Pink & Mint Bride Tribe Tanks - Bride (Grey Tank) ",Pineapple Sunnies,Black & White Bride Tribe Tanks - Bride (White Tank) ,Flamingo Sunnies
240,"Grey, Pink & Mint Bride Tribe Tanks - Bride Tribe (Pink Tank) ","Grey, Pink & Mint Bride Tribe Tanks - Bride Tribe (Mint Tank) ","Grey, Pink & Mint Bride Tribe Tanks - Bride (Grey Tank) ",Black & White Bride Tribe Tanks - Bride (White Tank) ,Chillin' With My Beaches Party Cups (8 count),Clear Glass Diamond Sipper with Straw
241,"Grey, Pink & Mint Drunk in Love Tanks - Drunk in Love (Grey Tank) ",Bride Squad Frost Flex Wine Cups (8 count),Black & Gold Brushed Heart Balloon Set,Pink Party Balloons,Acrylic Confetti Wine Tumbler - Pink & Mint Ombre,Bachelorette Bash Acrylic Wine Tumbler
242,Hangover Emergency Kit,Magic Mike Drinking Buddies (4 Pack),Pong Wars,"Bride To Be ""Mad Libs""",Bachelorette Dare Cards,You Had Me at Tacos Napkins
243,Heart Drink Stirrers,Gold Foil Stripes Napkins,Inflatable Selfie Frame,Blush Ombre Dots Snack Plates,Sip Sip Hooray Napkins,Drink Please! Bar Top Bell
244,Heart Sunnies - Black,Heart Sunnies - Light Pink,Heart Sunnies - Hot Pink,Bride Tribe Pins Party Pack (Set of 12),Bride Tribe Pins Party Pack - 10 Pack,Inflatable Bride Crown
245,Heart Sunnies - Hot Pink,Heart Sunnies - White,Heart Sunnies - Light Pink,Heart Sunnies - Black,Drunk in Love Stemless Wine Tumblers - Drunk in Love,Drunk in Love Stemless Wine Tumblers - Just Drunk
246,Heart Sunnies - Light Pink,Heart Sunnies - Hot Pink,Heart Sunnies - White,Heart Sunnies - Black,Pink Bride to Be Sash,Bride Tribe Pins Party Pack (Set of 12)
247,Heart Sunnies - White,Heart Sunnies - Hot Pink,Heart Sunnies - Light Pink,Heart Sunnies - Black,Drunk in Love Stemless Wine Tumblers - Drunk in Love,Drunk in Love Stemless Wine Tumblers - Just Drunk
248,Heart Treat Toppers,Miss To Mrs Headband - Pink,Gold Polka Dot Party Straws,You Had Me at Tacos Napkins,Drink Please! Bar Top Bell,Cheers Bitches Tanks - Future Mrs. (White Tank) 
249,Hello Sailor Napkins,Nauti Bride Sash,Future Mrs. Veil,You Had Me at Tacos Napkins,Double Date Photo Booth Props,Cheers Bitches Tanks - Cheers Bitches (Pink Tank) 
250,Hot Pink Bachelorette Bash Napkins,Bachelorette Pins Party Pack - 10 Pack,Same Penis Forever Party Cups (8 count),You Had Me at Tacos Napkins,Drink Please! Bar Top Bell,Chillin' With My Beaches Party Cups (8 count)
251,I Do Crew Flower Crowns - Blue,I Do Crew Flower Crowns - Purple,I Do Crew Flower Crowns - Pink,I Do Crew Flower Crowns - White,I Do Crew Flower Crowns - Peach,Aloha Beaches Can Coolers - Aloha Beaches (Black Koozie)
252,I Do Crew Flower Crowns - Peach,I Do Crew Flower Crowns - Pink,I Do Crew Flower Crowns - White,I Do Crew Flower Crowns - Purple,I Do Crew Flower Crowns - Blue,Drunk in Love Tanks - Just Drunk (Mint) 
253,I Do Crew Flower Crowns - Pink,I Do Crew Flower Crowns - Purple,I Do Crew Flower Crowns - Blue,I Do Crew Flower Crowns - White,I Do Crew Flower Crowns - Peach,Giant White Swan Pool Float
254,I Do Crew Flower Crowns - Purple,I Do Crew Flower Crowns - Blue,I Do Crew Flower Crowns - Pink,I Do Crew Flower Crowns - Peach,I Do Crew Flower Crowns - White,Aloha Beaches Can Coolers - Aloha Beaches (Black Koozie)
255,I Do Crew Flower Crowns - White,I Do Crew Flower Crowns - Pink,I Do Crew Flower Crowns - Peach,I Do Crew Flower Crowns - Purple,I Do Crew Flower Crowns - Blue,Daisy Sunnies
256,I Do Crew Gift Bags (Set of 5),Drunk in Love Tanks - Just Drunk (Mint) ,Bride To Be Sunnies,Pink Party Balloons,Korean Sheet Mask Set (7 Pack),Team Bride Gift Bags (Set of 5)
257,I Do Crew Gold Confetti Balloons,Feelin' Nauti Shot Cups (10 count),Bubbly Bar Banner,Miss to Mrs. Sashes - White,"36"" Mylar Engagement Ring Balloon",Team Bride Dinner Plates
258,I Do Crew Napkins,Fianc̩e Zippered Confetti Pouch,Pink Brush Confetti Snack Plates,Last Fling Before The Ring Shot Cups (8 count),Magic Mike Drinking Buddies (4 Pack),Gold Photo Booth Backdrop
259,I Do Crew Photo Booth Props,Fianc̩e Zippered Confetti Pouch,Aloha Beaches Koozies - Black (Aloha Beaches),Squad Headband,"Bride To Be ""Mad Libs""",Gold Photo Booth Backdrop
260,I Got The Hubby | We Got The Bubbly Frost Flex Cups (8 count),Booze Frost Flex Cups (8 count),Gold Foil Stripes Napkins,You Had Me at Tacos Napkins,Drink Please! Bar Top Bell,Chillin' With My Beaches Party Cups (8 count)
261,I Got The Hubby | We Got The Bubbly Party Cups (8 count),Cheers Bitches Can Coolers - Future Mrs. (White Koozie),Bride's Drinking Team Wine & Champagne Cups (8 count),Aloha Beaches Can Coolers - Aloha Beaches (Black Koozie),Pink Foil Photo Booth Backdrop,Cheers Beaches Shot Cups (8 count)
262,I Said Yes Tumbler with Straw,I Said Yes Tumbler with Straw,Light Pink Party Balloons,Engagement Ring Garland,You Had Me at Tacos Napkins,Diamond Treat Toppers
263,I Said Yes! Napkins,Mermaid Squad Tassel Garland,Bride's Drinking Team Shot Cups (10 count),Miss To Mrs Headband - Pink,Team Bride Dinner Plates,Team Bride Gift Bags (Set of 5)
264,I Said Yes! Shot Cups (8 count),Bride Headband - Gold,Bride's Drinking Team Shot Cups (10 count),Cheers Beaches Shot Cups (8 count),Bride Squad Wine & Champagne Cups (8 count),Flamingo Napkins
265,Inflatable Bride Crown,Bride Squad Frost Flex Wine Cups (8 count),Black & Gold Brushed Heart Balloon Set,Bachelorette Bash Acrylic Wine Tumbler,Pink Party Balloons,"Grey, Pink & Mint Drunk in Love Tanks - Drunk in Love (Grey Tank) "
266,Inflatable Hunk Ring Toss,Best Day Ever Gold Tattoo,Feeling Tipsy Frost Flex Wine Cups (8 count),Bachelorette Scratch Off Cards,Bride Tribe Party Cups (6 count),Mermaid Squad Tissue Paper Tassel Garland
267,Inflatable Selfie Frame,Gold Bride Tribe Tattoo Party Pack - Party Pack (11 Bride Tribe / 1 Bride),Heart Drink Stirrers,Bride Tribe Pins Party Pack (Set of 12),Future Mrs. | Cheers Bitches Koozies - Future Mrs. (White Koozie),Gold Foil Stripes Napkins
268,Island Party Tassel Garland,Nacho Average Bach Banner,Bride To Be Headband - Hot Pink,Miss to Mrs. Sashes - Light Pink,Ring Bling Napkins,Bride To Be Sunnies
269,Island Party Tissue Paper Tassel Garland,Mini Cactus String Lights,White Pineapple Napkins,Pink Pineapple Napkins,Cheers Beaches Shot Cups (8 count),Team Bride Balloons
270,Just Drunk Koozies - Black,Future Mrs. | Cheers Bitches Tank Tops - Cheers Bitches (Pink Tank) ,Drunk in Love Koozies - White,Bride Tribe Party Cups (6 count),Kiss Kiss Tattoo Pack,White Bachelorette Sash
271,Just Drunk Koozies - Pink,Drunk in Love Koozies - White,Bride Pin - Silver,Drink Up Bitches! Napkins,Chillin' With My Beaches Party Cups (8 count),Clear Glass Diamond Sipper with Straw
272,Kiss Kiss Tattoo Pack,Just Drunk Koozies - Black,Drunk in Love Koozies - White,Drink Up Bitches! Napkins,Chillin' With My Beaches Party Cups (8 count),Clear Glass Diamond Sipper with Straw
273,Korean Sheet Mask Set (7 Pack),Fluffy Pom-Pom Bachelorette Beanies - Black (Babe),Team Bride Dinner Plates,I Do Crew Gift Bags (Set of 5),Rose Gold Ring Bling Napkins,Gold Photo Booth Backdrop
274,Lake Life Party Cups (8 count),On Lake Time Napkins,Bride To Be Booty Veil,I Do Crew Flower Crowns - White,Drinking Buddies Drink Markers (6 Pack),Double Date Photo Booth Props
275,Lake Life Tanks - Lake Life (Teal) ,Lake Life Tanks - Lake Wife (White) ,You Had Me At Merlot Tanks - You Had Me At Merlot (Mauve) ,You Had Me At Merlot Party Cups (8 count),Final Fiesta Tanks - Fiesta Siesta Tequila Repeat (Orange) ,Champagne Campaign Tanks - Champagne Campaign (Heather Black) 
276,Lake Life Tanks - Lake Wife (White) ,Lake Life Tanks - Lake Life (Teal) ,You Had Me at Tacos Napkins,Drink Up Bitches! Napkins,Chillin' With My Beaches Party Cups (8 count),Clear Glass Diamond Sipper with Straw
277,Lake Life Tassel Garland,Let's Get Nauti Confetti Balloon Bundle,Miss to Mrs. Banner,Gold Photo Booth Backdrop,Team Bride Photo Booth Props,You Had Me at Tacos Napkins
278,Last Fling Balloon Letter Kit,Champagne Campaign Koozies - Pink (Champagne Campaign),Champagne Campaign Koozies - White (Pop The Champagne),Bride Headband,Pink Bride Straw,Bride's Drinking Team Party Cups (8 count)
279,Last Fling Before The Ring Banner,Pink Party Tassel Garland,Pink Champagne Tissue Paper Tassel Garland,Bride Tribe Frost Flex Cups (8 count),I Do Crew Napkins,Pink Chevron Party Straws
280,Last Fling Before The Ring Napkins,Bachelorette Bash Banner,Engagement Ring Garland,Sippity Yay! Frost Flex Cups (8 count),Blush Ombre Dots Snack Plates,Feelin' Nauti Shot Cups (10 count)
281,Last Fling Before The Ring Paper Shot Cups (10 count),Bride Tribe Koozies - Pink,Pink & Green Pineapple Tumbler with Straw,Bride Koozies - White,Bride's Drinking Team Frost Flex Cups (8 count),Magnolias & Mimosas Tissue Paper Tassel Garland
282,Last Fling Before The Ring Shot Cups (10 count),Mini Boots & Bling Garland,Gettin' Hitched Banner,Pong Wars,Cheers Beaches Shot Cups (8 count),Bride Pin - Pink
283,Last Fling Before The Ring Shot Cups (8 count),Ros̩ For Days Napkins,Bride's Babes Party Cups (8 count),Rose Gold Team Bride Confetti,I Do Crew Napkins,Prosecco Pong
284,Last Sail Before The Veil Banner,Feelin' Nauti Napkins,Let's Get Nauti Tassel Garland,Mini Bride Crowns - Silver (Plain),Nauti Bride Sash,Mermaid Squad Tanks - Mermaid Squad (Teal) 
285,Let's Flamingle Acrylic Wine Glass Set,Let's Flamingle Banner,Flamingo Drink Floaties Set,Bachelorette Dare Cards,You Had Me at Tacos Napkins,Double Date Photo Booth Props
286,Let's Flamingle Banner,"36"" Mylar Flamingo Balloon",Let's Flamingle Napkins,Let's Flamingle Acrylic Wine Glass Set,Flamingo Drink Floaties Set,Squad Goals Banner
287,Let's Flamingle Napkins,Let's Flamingle Banner,Pineapple Snack Plates,Team Bride Balloons,"36"" Mylar Flamingo Balloon",Let's Flamingle Snack Plates
288,Let's Flamingle Snack Plates,Bride Tribe Stemless Wine Tumblers - Bride,Lingerie & Heart Cookie Cutter Set,Sippity Yay! Party Cups (8 count),Pineapple Party Napkins,Pineapple Snack Plates
289,Let's Get Nauti Banner,"Let's Get Nauti Koozies (10 count) - Party Pack (1 White, 9 Navyl)",Bride To Be Sashes - White,You Had Me at Tacos Napkins,Drink Please! Bar Top Bell,Chillin' With My Beaches Party Cups (8 count)
290,Let's Get Nauti Confetti Balloon Bundle,Let's Get Nauti Confetti Balloon Bundle,Miss to Mrs. Banner,Gold Photo Booth Backdrop,Team Bride Photo Booth Props,You Had Me at Tacos Napkins
291,"Let's Get Nauti Koozies (10 count) - Party Pack (1 White, 9 Navyl)","Let's Get Nauti Koozies (10 count) - Party Pack (1 White, 9 Navyl)",Bride To Be Sashes - White,You Had Me at Tacos Napkins,Drink Please! Bar Top Bell,Chillin' With My Beaches Party Cups (8 count)
292,Let's Get Nauti Party Cups (8 count),Team Bride Photo Booth Props,You Had Me at Tacos Napkins,Double Date Photo Booth Props,Cheers Bitches Tanks - Cheers Bitches (Pink Tank) ,Cheers Bitches Tanks - Future Mrs. (White Tank) 
293,Let's Get Nauti Tanks - Future Mrs. (White) ,You Had Me at Tacos Napkins,Drink Please! Bar Top Bell,Cheers Bitches Tanks - Future Mrs. (White Tank) ,Chillin' With My Beaches Party Cups (8 count),Clear Glass Diamond Sipper with Straw
294,Let's Get Nauti Tanks - Let's Get Nauti (Navy) ,You Had Me at Tacos Napkins,Drink Please! Bar Top Bell,Cheers Bitches Tanks - Future Mrs. (White Tank) ,Chillin' With My Beaches Party Cups (8 count),Clear Glass Diamond Sipper with Straw
295,Let's Get Nauti Tassel Garland,Anchor Shot Cups (8 count),Last Sail Before The Veil Banner,Feelin' Nauti Napkins,Drunk in Love Banner,Cactus Snack Plates
296,Let's Get Smashed Shot Cups (8 count),Mini Cactus String Lights,Best Day Ever Gold Tattoo,Squad Goals Banner,Gold Pineapple Sipper,Final Fiesta Tissue Paper Tassel Garland
297,Let's PARTAY! Frost Flex Shot Cups (8 count),Sippity Yay! Frost Flex Cups (8 count),Pink Pineapple Mason Jar Sipper,Bride & Bride Tribe Sunnies - Bride Tribe (Pink Frames),Magnolias & Mimosas Tissue Paper Tassel Garland,Bride Squad Gold Tattoo Party Pack
298,Light Pink Bachelorette Bash Napkins,Lingerie & Heart Cookie Cutter Set,Bride's Drinking Team Frost Flex Cups (8 count),Future Mrs. | Cheers Bitches Koozies - Cheers Bitches (Pink Koozie),Last Fling Before The Ring Paper Shot Cups (10 count),Pink Polka Dot Party Straws
299,Light Pink Party Balloons,Pink Confetti Acryllic Tumbler with Straw,Bride Tribe Stemless Wine Tumblers - Bride Tribe,I Said Yes Tumbler with Straw,White Bachelorette Sash,Lingerie Shower Bingo
300,Lingerie & Heart Cookie Cutter Set,Magnolias & Mimosas Tissue Paper Tassel Garland,Light Pink Bachelorette Bash Napkins,Let's Flamingle Snack Plates,Confetti Balloons,Gold Stripe Party Straws
301,Lingerie Shower Bingo,Bride Tribe Stemless Wine Tumblers - Bride Tribe,White Bachelorette Sash,Light Pink Party Balloons,Black & White Drunk in Love Tanks - Drunk in Love (White Tank) ,Black & White Drunk in Love Tanks - Just Drunk (Black Tank) 
302,Lingerie Shower Garland,Bachelorette Bash Acrylic Wine Tumbler,Diamond Treat Toppers,Black & Gold Brushed Heart Balloon Set,"Drink Up, Bitches! Paper Shot Cups (10 count)",Mini Hot Pink Heart Balloon Set
303,Magic Mike Drinking Buddies (4 Pack),Hangover Emergency Kit,Fianc̩e Zippered Confetti Pouch,Pong Wars,I Do Crew Napkins,"Bride To Be ""Mad Libs"""
304,Magnolias & Mimosas Tissue Paper Tassel Garland,Black & Gold Brushed Heart Balloon Set,Pink Pineapple Mason Jar Sipper,Sippity Yay! Frost Flex Cups (8 count),Bride Squad Frost Flex Wine Cups (8 count),Lingerie & Heart Cookie Cutter Set
305,Maid of Honor Headband,Bride Headband - White,Bride To Be Headband - Light Pink,Rose Gold Ring Bling Napkins,Engagement Ring Drink Floaties Set,Gold Photo Booth Backdrop
306,Matron of Honor Headband,Bridesmaid Party Buttons (6 Pack) - Light Pink,Future Wifey Headband,Team Bride Party Straws,Bride To Be Sunnies,Bachelorette Headband Party Pack
307,Mermaid Squad Tanks - Mermaid Bride (White) ,Mermaid Squad Tanks - Mermaid Squad (Light Purple) ,Mermaid Squad Tanks - Mermaid Squad (Teal) ,Mini Bride Crowns - Silver (Plain),Mermaid Squad Tassel Garland,Feelin' Nauti Napkins
308,Mermaid Squad Tanks - Mermaid Squad (Light Purple) ,Mermaid Squad Tanks - Mermaid Squad (Light Purple) ,Mermaid Squad Tanks - Mermaid Squad (Teal) ,Mini Bride Crowns - Silver (Plain),Mermaid Squad Tassel Garland,Feelin' Nauti Napkins
309,Mermaid Squad Tanks - Mermaid Squad (Teal) ,Mermaid Squad Tanks - Mermaid Bride (White) ,Mermaid Squad Tanks - Mermaid Squad (Light Purple) ,Mini Bride Crowns - Silver (Plain),Mermaid Squad Tassel Garland,Feelin' Nauti Napkins
310,Mermaid Squad Tassel Garland,I Said Yes! Napkins,Bride's Drinking Team Shot Cups (10 count),Mermaid Squad Tanks - Mermaid Bride (White) ,Mermaid Squad Tanks - Mermaid Squad (Light Purple) ,Mermaid Squad Tanks - Mermaid Squad (Teal) 
311,Mermaid Squad Tissue Paper Tassel Garland,Pin the Junk on the Hunk,Bride Tribe Gold Tattoo Party Pack - Party Pack (11 Bride Tribe / 1 Bride),Bachelorette Bash Banner,Bride Pin - Pink,Heart Sunnies - Black
312,Mini Boots & Bling Garland,Gettin' Hitched Banner,Last Fling Before The Ring Shot Cups (10 count),Nashelorette Banner,Lingerie Shower Garland,Gold Polka Dot Party Straws
313,Mini Bride Crowns - Gold (Bride),Gold & Pink Heart Napkins,Giant Pink Flamingo Pool Float,Drunk in Love Can Coolers - Pink (Just Drunk),Bride Tribe Pins Party Pack - 10 Pack,Retro Heart Sunnies - Light Pink (Pink Lenses)
314,Mini Bride Crowns - Silver (Plain),Feelin' Nauti Napkins,Pink Brush Stripes Mini Treat Plates,Nauti Bride Sash,Mermaid Squad Tanks - Mermaid Bride (White) ,Mermaid Squad Tanks - Mermaid Squad (Light Purple) 
315,Mini Cactus Party Garland,Sip Sip Ole Napkins,Final Fiesta Tassel Garland,Cactus Snack Plates,Final Fiesta Koozies - White (It's My Final Fiesta),Final Fiesta Balloon Letter Kit
316,Mini Cactus String Lights,Island Party Tissue Paper Tassel Garland,Let's Get Smashed Shot Cups (8 count),Cheers Beaches Shot Cups (8 count),Team Bride Balloons,"36"" Mylar Flamingo Balloon"
317,Mini Cheers Beaches Party Garland,Cheers Beaches Balloon Letter Kit,Cheers Beaches Tassel Garland,"Sun & Sand Koozies (10 count) - Party Pack (1 White, 9 Coral)",Cheers Beaches Confetti Balloon Bundle,I Do Crew Flower Crowns - Blue
318,Mini Gold Heart Balloon Set,Booze Party Cups (8 count),Gold & Pink Heart Napkins,Purple Donut Drink Floaties Set,Mini Light Pink Heart Balloon Set,Bach Shit Crazy Banner
319,Mini Hot Pink Heart Balloon Set,Future Wifey Headband,Lingerie Shower Garland,You Had Me at Tacos Napkins,Double Date Photo Booth Props,Cheers Bitches Tanks - Future Mrs. (White Tank) 
320,Mini Light Pink Heart Balloon Set,Bride Squad Paper Shot Cups (10 count),Pink & Gold Brushed Heart Balloon Set,Mini Gold Heart Balloon Set,Acrylic Confetti Wine Tumbler - Blush Ombre,Pink Donut Drink Floaties Set
321,Mini Nautical Party Garland,Starfish Veil,You Had Me at Tacos Napkins,Diamond Treat Toppers,Cheers Bitches Tanks - Cheers Bitches (Pink Tank) ,Cheers Bitches Tanks - Future Mrs. (White Tank) 
322,Mini Vino Before Vows Party Garland,"""Brides Have More Fun"" Tees - Blonde (Heather Black) ","""Brides Have More Fun"" Tees - Brunette (Heather Black) ",Bach & Boujee Banner,Bride's Babes Tees - Bride (White) ,Vino Before Vows Banner
323,Mint Ombre Confetti Tumbler,Pink Ombre Confetti Tumbler,Blue & Purple Confetti Tumbler,Blush Ombre Confetti Tumbler,Drunk in Love Tanks - Drunk in Love (Grey) ,Bride Tribe Sunnies - Bride Tribe (Neon Pink Frames)
324,Miss To Mrs Headband - Gold,Daisy Sunnies,Pineapple Cheers! Napkins,Confetti Balloons,I Do Crew Flower Crowns - White,Drinking Chaps Drink Markers
325,Miss To Mrs Headband - Pink,Heart Treat Toppers,Mermaid Squad Tassel Garland,I Said Yes! Napkins,Team Bride Photo Booth Props,Bride's Drinking Team Shot Cups (10 count)
326,Miss To Mrs Headband - White,Blush Gold Dots Snack Plates,Bachelorette Photo Booth Props,Miss to Mrs. Banner,Gold Polka Dot Party Straws,Mylar Love Calligraphy Balloon
327,Miss To Mrs. Memory Book,Cheers Beaches Napkins,Squad Goals Banner,Drunk in Love Koozies - Neon Pink (Just Drunk),Unicorn Drink Floaties Set,Sip Sip Hooray Banner
328,Miss to Mrs Balloon Letter Kit,Giant White Swan Pool Float,Champagne Campaign Koozies - Pink (Champagne Campaign),Wine Pins Party Pack - 10 Pack,Daisy Sunnies,Prosecco Pong
329,Miss to Mrs Confetti Balloons,Ros̩ For Days Napkins,Gettin' Hitched Party Bandanas - Red,Last Fling Before The Ring Shot Cups (8 count),Bride's Babes Party Cups (8 count),Bridesmaid Party Buttons (6 Pack) - Hot Pink
330,Miss to Mrs. Banner,Lake Life Tassel Garland,Bride Squad Frost Flex Wine Cups (8 count),Let's Get Nauti Confetti Balloon Bundle,Pink Foil Photo Booth Backdrop,Miss To Mrs Headband - White
331,Miss to Mrs. Sashes - Black,Bride Pin - Gold,Future Mrs. Veil,Gold Photo Booth Backdrop,Custom Listing for Evana Ryan,Diamond Treat Toppers
332,Miss to Mrs. Sashes - Light Pink,"Drink Up, Bitches! Paper Shot Cups (10 count)",Bride To Be Headband - Hot Pink,Bachelorette Bash Acrylic Wine Tumbler,Bride Squad Napkins,Yay Wine! Wine Tumbler Set
333,Miss to Mrs. Sashes - White,I Do Crew Gold Confetti Balloons,Future Wifey Headband,Last Fling Before The Ring Napkins,Rose Gold Team Bride Confetti,I Do Crew Gift Bags (Set of 5)
334,My Heart On A String Banner,Engaged AF Banner,Bride Squad Wine & Champagne Cups (8 count),You Had Me at Tacos Napkins,Drink Please! Bar Top Bell,Cheers Bitches Tanks - Future Mrs. (White Tank) 
335,Mylar Love Calligraphy Balloon,"36"" Mylar Engagement Ring Balloon",Mini Light Pink Heart Balloon Set,Acrylic Confetti Wine Tumbler - Pink Ombre,Black & Gold Brushed Heart Balloon Set,Miss To Mrs Headband - White
336,Nacho Average Bach Banner,You Had Me at Tacos Napkins,Island Party Tassel Garland,Final Fiesta Sombrero & Future Mrs. Veil,Sip Sip Ole Napkins,Tropical Prosecco Pong
337,Nashelorette Banner,Mini Boots & Bling Garland,Bride Tribe Tassel Garland,Clear Glass Diamond Sipper with Straw,Bride Headband - White,Gold Photo Booth Backdrop
338,Nauti Bride Sash,Hello Sailor Napkins,Mini Bride Crowns - Silver (Plain),Feelin' Nauti Napkins,Mermaid Squad Tanks - Mermaid Squad (Teal) ,Mermaid Squad Tanks - Mermaid Bride (White) 
339,Navy & Pink Bride's Drinking Team Shot Cups (8 count),Gettin' Hitched Party Pins (10 Pack),Gettin' Hitched Sash,"Bride To Be ""Mad Libs""",Same Penis Forever Party Cups (8 count),Future Mrs. Veil
340,On Lake Time Napkins,You Had Me At Merlot Party Cups (8 count),Lake Life Party Cups (8 count),Bridesmaid Party Buttons (6 Pack) - Hot Pink,Pop The Bubbly Napkins,Bride To Be Booty Veil
341,Palm Tree Drink Floaties Set,Feeling Tipsy Frost Flex Wine Cups (8 count),Flamingo Drink Floaties Set,Purple Donut Drink Floaties Set,Pineapple Drink Floaties Set,Pink Donut Drink Floaties Set
342,Photo Booth Props Party Pack,Magnolias & Mimosas Tissue Paper Tassel Garland,Cheer's Y'all Banner,Gold Stripe Party Straws,Mylar Love Calligraphy Balloon,I Do Crew Flower Crowns - White
343,Pin the Junk on the Hunk,Bride To Be Sashes - Light Pink,Mermaid Squad Tissue Paper Tassel Garland,Pink Champagne Tissue Paper Tassel Garland,Confetti Balloons,Last Fling Before The Ring Banner
344,Pineapple Cheers! Napkins,Gold & Pink Heart Napkins,Drunk in Love Can Coolers - Pink (Just Drunk),Miss To Mrs Headband - Gold,Engagement Ring Drink Stirrers,Pineapple Pins Party Pack - 10 Pack
345,Pineapple Drink Floaties Set,Flamingo Drink Floaties Set,Engagement Ring Drink Floaties Set,Palm Tree Drink Floaties Set,"36"" Mylar Flamingo Balloon",Sip Sip Hooray Banner
346,Pineapple Mini Treat Plates,Sippity Yay! Party Cups (8 count),Pink Pineapple Party Napkins,Giant Pink Flamingo Pool Float,"36"" Mylar Flamingo Balloon",Let's Flamingle Snack Plates
347,Pineapple Party Napkins,Let's Flamingle Snack Plates,Sippity Yay! Party Cups (8 count),Flamingo Napkins,Pineapple Sunnies,Bride Tribe Frost Flex Cups (8 count)
348,Pineapple Pins Party Pack - 10 Pack,White Pineapple Napkins,Team Bride Balloons,Pineapple Cheers! Napkins,Gold Pineapple Sipper,Pineapple Snack Plates
349,Pineapple Snack Plates,Let's Flamingle Snack Plates,"Drink Up, Bitches! Paper Shot Cups (10 count)",Pink Pineapple Napkins,White Pineapple Napkins,Bride Tribe Stemless Wine Tumblers - Bride
350,Pineapple Sunnies,Flamingo Sunnies,"Grey, Pink & Mint Bride Tribe Tanks - Bride (Grey Tank) ","Grey, Pink & Mint Bride Tribe Tanks - Bride Tribe (Mint Tank) ",Pineapple Party Napkins,Palm Tree Drink Floaties Set
351,Pineapple Tumbler,Pink & Mint Confetti Tumbler,Unicorn Drink Floaties Set,Blush Ombre Confetti Tumbler,Team Bride Gift Bags (Set of 5),Gold Pineapple Sipper
352,Pink & Gold Brushed Heart Balloon Set,Bride Squad Paper Shot Cups (10 count),Acrylic Confetti Wine Tumbler - Pink Ombre,Mini Light Pink Heart Balloon Set,Bride Tribe Koozies - Pink,Acrylic Confetti Wine Tumbler - Blush Ombre
353,Pink & Green Pineapple Tumbler with Straw,Aloha Beaches Can Coolers - Aloha Beaches (Black Koozie),Let's Flamingle Snack Plates,Last Fling Before The Ring Paper Shot Cups (10 count),Bride Tribe Koozies - Pink,I Do Crew Flower Crowns - Blue
354,Pink & Mint Confetti Tumbler,Booze Party Cups (8 count),Team Bride Shot Glass Set,Gold & Pink Heart Napkins,Mini Gold Heart Balloon Set,Purple Donut Drink Floaties Set
355,Pink Bachelorette Sash,Bride Tribe Pins Party Pack (Set of 12),Future Mrs. | Cheers Bitches Koozies - Future Mrs. (White Koozie),Inflatable Selfie Frame,Bride Tribe Frost Flex Cups (8 count),Daisy Sunnies
356,Pink Bride Straw,Sun & Sand Party Cups - 8 Pack,Ros̩ For Days Napkins,Bride Squad Napkins,Bride Headband,Team Bride Party Straws
357,Pink Bride to Be Sash,Heart Sunnies - Light Pink,Heart Sunnies - Hot Pink,You Had Me at Tacos Napkins,Cheers Bitches Can Coolers - Future Mrs. (White Koozie),Cheers Bitches Tanks - Future Mrs. (White Tank) 
358,Pink Brush Confetti Snack Plates,I Do Crew Napkins,Booze Party Cups (8 count),"Drink Up, Bitches! Paper Shot Cups (10 count)",Team Bride Napkins,Bride Tribe Party Cups (8 count)
359,Pink Brush Stripes Mini Treat Plates,Mini Bride Crowns - Silver (Plain),Pink Dot Napkins,Flamingo String Lights,Rose Gold Ring Bling Napkins,Pineapple Snack Plates
360,Pink Champagne Tassel Garland,Bubbly Bar Banner,Rose Gold Confetti Balloon Bundle,Engagement Ring Drink Stirrers,Last Fling Before The Ring Napkins,Drinking Buddies Drink Markers (12 Pack)
361,Pink Champagne Tissue Paper Tassel Garland,Acrylic Confetti Wine Tumbler - Pink Ombre,Black & Gold Brushed Heart Balloon Set,Bride Squad Frost Flex Wine Cups (8 count),Drunk in Love Koozies - Neon Pink (Just Drunk),Bubbly Bar Banner
362,Pink Chevron Party Straws,Gold & Pink Heart Napkins,Drunk in Love Can Coolers - Pink (Just Drunk),Gold Stripe Party Straws,Bride Tribe Koozies - Pink,I Do Crew Flower Crowns - Blue
363,Pink Confetti Acryllic Tumbler with Straw,I Said Yes Tumbler with Straw,Light Pink Party Balloons,Engagement Ring Garland,You Had Me at Tacos Napkins,Diamond Treat Toppers
364,Pink Confetti Balloon Bundle,Giant White Swan Pool Float,Prosecco Pong,Pink Party Tassel Garland,"36"" Mylar Engagement Ring Balloon",Mini Cactus String Lights
365,Pink Diamond Tattoo Pack,Bride's Drinking Team Wine & Champagne Cups (8 count),Drunk in Love Tattoo Pack,Pink Donut Drink Floaties Set,Cheers Beaches Shot Cups (8 count),Drunk in Love Party Cups (8 count)
366,Pink Donut Drink Floaties Set,Bride's Drinking Team Wine & Champagne Cups (8 count),Feeling Tipsy Frost Flex Wine Cups (8 count),Purple Donut Drink Floaties Set,Pink Diamond Tattoo Pack,Mini Light Pink Heart Balloon Set
367,Pink Dot Napkins,Pink Brush Stripes Mini Treat Plates,Pink Polka Dot Party Straws,Diamond Treat Toppers,Pink Party Tassel Garland,Team Bride Dinner Plates
368,Pink Foil Photo Booth Backdrop,Bachelorette Bash Party Cups (8 count),Cheers Beaches Party Cups (8 count),Miss to Mrs. Banner,Pink Party Tissue Paper Tassel Garland,I Got The Hubby | We Got The Bubbly Party Cups (8 count)
369,Pink Glass Diamond Sipper with Straw,Team Bride Party Straws,Sip Sip Hooray Napkins,Pink Confetti Balloon Bundle,Bride Tribe Sunnies - Bride Tribe (Neon Pink Frames),Last Fling Before The Ring Banner
370,Pink Ombre Confetti Tumbler,Mint Ombre Confetti Tumbler,Blush Ombre Confetti Tumbler,Blue & Purple Confetti Tumbler,Pink Foil Photo Booth Backdrop,Giant White Swan Pool Float
371,Pink Party Balloons,Bride Squad Frost Flex Wine Cups (8 count),Black & Gold Brushed Heart Balloon Set,"Grey, Pink & Mint Drunk in Love Tanks - Drunk in Love (Grey Tank) ",Bachelorette Bash Acrylic Wine Tumbler,Acrylic Confetti Wine Tumbler - Pink & Mint Ombre
372,Pink Party Tassel Garland,Diamond Treat Toppers,Last Fling Before The Ring Banner,Last Fling Before The Ring Shot Cups (8 count),Pink Confetti Balloon Bundle,Pink Dot Napkins
373,Pink Party Tissue Paper Tassel Garland,Sippity Yay! Party Cups (8 count),Pink Foil Photo Booth Backdrop,Black & Gold Brushed Heart Balloon Set,Bride Squad Frost Flex Wine Cups (8 count),Miss to Mrs. Banner
374,Pink Pineapple Mason Jar Sipper,Sippity Yay! Frost Flex Cups (8 count),Pink Pineapple Mason Jar Sipper,Bride & Bride Tribe Sunnies - Bride Tribe (Pink Frames),Magnolias & Mimosas Tissue Paper Tassel Garland,Bride Squad Gold Tattoo Party Pack
375,Pink Pineapple Napkins,White Pineapple Napkins,Pineapple Snack Plates,Island Party Tissue Paper Tassel Garland,Pink Party Tassel Garland,Diamond Treat Toppers
376,Pink Pineapple Party Napkins,"26"" Mylar Pineapple Balloon",Pineapple Mini Treat Plates,You Had Me at Tacos Napkins,Double Date Photo Booth Props,Cheers Bitches Tanks - Cheers Bitches (Pink Tank) 
377,Pink Polka Dot Party Straws,Feyonc̩ Headband - Hot Pink,Gold & Pink Heart Napkins,Drunk in Love Can Coolers - Pink (Just Drunk),Pink Dot Napkins,Bride's Drinking Team Frost Flex Cups (8 count)
378,Pink Stripe Party Straws,Bride Tribe Frost Flex Cups (8 count),Black & White Bride Tribe Tanks - Bride (White Tank) ,Pineapple Party Napkins,Flamingo Napkins,Rainbow Sherbet Tissue Paper Tassel Garland
379,Pong Wars,Hangover Emergency Kit,Magic Mike Drinking Buddies (4 Pack),Last Fling Before The Ring Shot Cups (10 count),Gold Pineapple Sipper,Sip Sip Hooray Napkins
380,Pop The Bubbly Napkins,Bubbly Bar Banner,On Lake Time Napkins,Blush Ombre Mini Paper Treat Plates,You Had Me At Merlot Party Cups (8 count),Engaged AF Banner
381,Prosecco Pong,Last Fling Before The Ring Shot Cups (8 count),Pink Confetti Balloon Bundle,Bride's Drinking Team Wine & Champagne Cups (8 count),Giant White Swan Pool Float,Fianc̩e Zippered Confetti Pouch
382,Purple Donut Drink Floaties Set,Booze Party Cups (8 count),Feeling Tipsy Frost Flex Wine Cups (8 count),Gold & Pink Heart Napkins,Mini Gold Heart Balloon Set,Pink Donut Drink Floaties Set
383,Rainbow Sherbet Tassel Garland,Same Penis Forever Party Cups (8 count),I Do Crew Gold Confetti Balloons,Gold Stripe Party Straws,Mini Cactus Party Garland,Same Penis Forever Banner
384,Rainbow Sherbet Tissue Paper Tassel Garland,Booze Party Cups (8 count),Black & Gold Brushed Heart Balloon Set,Bride Squad Frost Flex Wine Cups (8 count),Purple Donut Drink Floaties Set,Bachelorette Bash Acrylic Wine Tumbler
385,Resting Beach Face Napkins,Final Fiesta Balloon Letter Kit,Retro Heart Sunnies - Light Pink (Classic Lenses),Retro Heart Sunnies - White,Last Fling Before The Ring Napkins,Final Fiesta Tanks - No Time To Siesta (Bride) 
386,Retro Heart Sunnies - Light Pink,Clear Glass Diamond Sipper with Straw,Retro Heart Sunnies - White,Bride's Drinking Team Shot Cups (10 count),Wine & Blush Tassel Garland,Bride To Be Sashes - Light Pink
387,Retro Heart Sunnies - Light Pink (Classic Lenses),Retro Heart Sunnies - White,Retro Heart Sunnies - Light Pink (Pink Lenses),Giant Pink Flamingo Pool Float,Resting Beach Face Napkins,Island Party Tissue Paper Tassel Garland
388,Retro Heart Sunnies - Light Pink (Pink Lenses),Giant Pink Flamingo Pool Float,Retro Heart Sunnies - Light Pink (Classic Lenses),Bridesmaid Headband,Mini Bride Crowns - Gold (Bride),Drinking Buddies Drink Markers (6 Pack)
389,Retro Heart Sunnies - White,Retro Heart Sunnies - Light Pink (Classic Lenses),Retro Heart Sunnies - Light Pink,Champagne Campaign Koozies - White (Pop The Champagne),Giant Pink Flamingo Pool Float,Retro Heart Sunnies - Light Pink (Pink Lenses)
390,Ring Bling Napkins,Feyonc̩ Headband - Hot Pink,Squad Goals Banner,Drunk in Love Tattoo Pack,Unicorn Drink Floaties Set,Bride Squad Napkins
391,Rose All Day Napkins,Bride Tribe Stemless Wine Tumblers - Bride,Acrylic Confetti Wine Tumbler - Pineapples,Let's Flamingle Snack Plates,I Said Yes! Napkins,Flamingo Napkins
392,Rose Gold Confetti Balloon Bundle,Bride Tribe Tassel Garland,Pink Champagne Tassel Garland,Gold Photo Booth Backdrop,Bach Bash Balloon Letter Kit,I Do Crew Gold Confetti Balloons
393,Rose Gold Ring Bling Napkins,Pink Brush Stripes Mini Treat Plates,Champagne Campaign Party Cups (8 count),Gold Photo Booth Backdrop,Rose Gold Stripe Snack Plates,Ring Bling Napkins
394,Rose Gold Stripe Snack Plates,She Said Yes Napkins,Bride's Drinking Team Shot Cups (10 count),Rose Gold Ring Bling Napkins,Champagne Campaign Party Cups (8 count),Team Bride Dinner Plates
395,Rose Gold Team Bride Confetti,Gettin' Hitched Party Bandanas - White (Bride),Champagne Campaign Party Cups (8 count),"Bach & Boujee Koozies (10 count) - Party Pack (1 White, 9 Black)",Bach & Boujee Party Cups (8 count),Bach & Boujee Banner
396,Ros̩ For Days Napkins,She Said Yes Napkins,Last Fling Before The Ring Shot Cups (8 count),Bride's Babes Party Cups (8 count),Bride's Drinking Team Napkins,Miss to Mrs Confetti Balloons
397,Same Penis Forever Banner,Bride Tribe Sunnies - Bride,Mermaid Squad Tissue Paper Tassel Garland,Cheers Beaches Shot Cups (8 count),Unicorn Drink Floaties Set,Bride Tribe Sunnies - Bride Tribe (Black Frames)
398,"Same Penis Forever Koozies (10 count) - Party Pack (1 White, 9 Pink Koozies)",You Had Me at Tacos Napkins,Drink Please! Bar Top Bell,Cheers Bitches Tanks - Future Mrs. (White Tank) ,Chillin' With My Beaches Party Cups (8 count),Clear Glass Diamond Sipper with Straw
399,Same Penis Forever Koozies (10 count) - Single Koozie (Pink),Same Penis Forever Koozies (10 count) - Single Koozie (White),Bachelorette Party Pins (10 or 15 pack) - 10 Pack,Drink Please! Bar Top Bell,Cheers Bitches Tanks - Future Mrs. (White Tank) ,Chillin' With My Beaches Party Cups (8 count)
400,Same Penis Forever Koozies (10 count) - Single Koozie (White),Same Penis Forever Koozies (10 count) - Single Koozie (White),Bachelorette Party Pins (10 or 15 pack) - 10 Pack,Drink Please! Bar Top Bell,Cheers Bitches Tanks - Future Mrs. (White Tank) ,Chillin' With My Beaches Party Cups (8 count)
401,Same Penis Forever Party Cups (8 count),Gettin' Hitched Party Pins (10 Pack),Navy & Pink Bride's Drinking Team Shot Cups (8 count),Hot Pink Bachelorette Bash Napkins,Rose Gold Confetti Balloon Bundle,Rainbow Sherbet Tassel Garland
402,She Said Yaaas Banner,Sippity Yay! Frost Flex Cups (8 count),Let's PARTAY! Frost Flex Shot Cups (8 count),"36"" Mylar Engagement Ring Balloon",Gold Bride Tribe Tattoo Party Pack - Party Pack (11 Bride Tribe / 1 Bride),Pink Pineapple Mason Jar Sipper
403,She Said Yes Napkins,Ros̩ For Days Napkins,Rose Gold Stripe Snack Plates,Bride's Drinking Team Shot Cups (10 count),Bride's Drinking Team Napkins,Champagne Campaign Party Cups (8 count)
404,Sip Sip Hooray Banner,Drunk in Love Koozies - Neon Pink (Just Drunk),Sippity Yay! Frost Flex Cups (8 count),Let's PARTAY! Frost Flex Shot Cups (8 count),Pink Pineapple Mason Jar Sipper,Squad Goals Banner
405,Sip Sip Hooray Napkins,Pink Pineapple Mason Jar Sipper,Let's PARTAY! Frost Flex Shot Cups (8 count),Heart Drink Stirrers,Sippity Yay! Frost Flex Cups (8 count),Bride & Bride Tribe Sunnies - Bride Tribe (Pink Frames)
406,Sip Sip Ole Napkins,Cactus Snack Plates,Mini Cactus Party Garland,Final Fiesta Party Cups (8 count),Nacho Average Bach Banner,This Se̱orita Needs a Margarita Napkins
407,Sippity Yay! Frost Flex Cups (8 count),Sippity Yay! Frost Flex Cups (8 count),Pink Pineapple Mason Jar Sipper,Bride & Bride Tribe Sunnies - Bride Tribe (Pink Frames),Magnolias & Mimosas Tissue Paper Tassel Garland,Bride Squad Gold Tattoo Party Pack
408,Sippity Yay! Party Cups (8 count),Pineapple Mini Treat Plates,Giant Pink Flamingo Pool Float,"36"" Mylar Flamingo Balloon",Let's Flamingle Snack Plates,Flamingo Napkins
409,Squad Goals Banner,Unicorn Drink Floaties Set,"36"" Mylar Flamingo Balloon",Bach Shit Crazy Banner,Sip Sip Hooray Banner,Bride Squad Wine & Champagne Cups (8 count)
410,Squad Headband,Bridesmaid Headband,Future Wifey Headband,I Do Crew Photo Booth Props,You Had Me at Tacos Napkins,Double Date Photo Booth Props
411,Starfish Veil,Mini Nautical Party Garland,Flamingo String Lights,Bride Pin - Gold,Bride Pin - Silver,Team Bride Gold Tattoo Party Pack
412,"Sun & Sand Koozies (10 count) - Party Pack (1 White, 9 Coral)",Cheers Beaches Confetti Balloon Bundle,Cheers Beaches Tassel Garland,Cheers Beaches Balloon Letter Kit,Sun & Sand Party Cups (8 count),Cheers Beaches Banner
413,Sun & Sand Koozies (10 count) - Single Koozie (Coral),Sun & Sand Tanks - Sun Sand & A Drink In My Hand (Peach) ,Sun & Sand Party Cups (8 count),Sun & Sand Koozies (10 count) - Single Koozie (White),Sun & Sand Tanks - Sun Sand & A Ring On My Hand (White) ,Bachelorette Bash Banner
414,Sun & Sand Koozies (10 count) - Single Koozie (White),Sun & Sand Koozies (10 count) - Single Koozie (Coral),Sun & Sand Tanks - Sun Sand & A Drink In My Hand (Peach) ,Sun & Sand Party Cups (8 count),Sun & Sand Tanks - Sun Sand & A Ring On My Hand (White) ,Drunk in Love Tanks - Just Drunk (Pink) 
415,Sun & Sand Party Cups (8 count),Sun & Sand Koozies (10 count) - Single Koozie (Coral),Sun & Sand Tanks - Sun Sand & A Drink In My Hand (Peach) ,Sun & Sand Koozies (10 count) - Single Koozie (White),"Sun & Sand Koozies (10 count) - Party Pack (1 White, 9 Coral)",Cheers Beaches Banner
416,Sun & Sand Party Cups - 8 Pack,Pink Bride Straw,Pineapple Drink Floaties Set,Engagement Ring Drink Floaties Set,Diamond Treat Toppers,Cheers Bitches Tanks - Cheers Bitches (Pink Tank) 
417,Sun & Sand Tanks - Sun Sand & A Drink In My Hand (Peach) ,Sun & Sand Tanks - Sun Sand & A Ring On My Hand (White) ,Sun & Sand Koozies (10 count) - Single Koozie (Coral),Sun & Sand Party Cups (8 count),Sun & Sand Koozies (10 count) - Single Koozie (White),Bride To Be Booty Veil
418,Sun & Sand Tanks - Sun Sand & A Ring On My Hand (White) ,Sun & Sand Tanks - Sun Sand & A Drink In My Hand (Peach) ,Sun & Sand Koozies (10 count) - Single Koozie (Coral),Sun & Sand Party Cups (8 count),Sun & Sand Koozies (10 count) - Single Koozie (White),Bride To Be Booty Veil
419,Team Bride Balloons,Pink Party Balloons,Pineapple Snack Plates,Island Party Tissue Paper Tassel Garland,Mini Cactus String Lights,Let's Flamingle Napkins
420,Team Bride Dinner Plates,Diamond Treat Toppers,Mermaid Squad Tassel Garland,Korean Sheet Mask Set (7 Pack),I Said Yes! Napkins,Team Bride Gold Tattoo Party Pack
421,Team Bride Gift Bags (Set of 5),I Said Yes! Napkins,Pineapple Tumbler,I Do Crew Gift Bags (Set of 5),Mylar Love Calligraphy Balloon,Team Bride Napkins
422,Team Bride Gold Tattoo Party Pack,Team Bride Dinner Plates,Drink Please! Bar Top Bell,Pink Dot Napkins,Pink Polka Dot Party Straws,Bachelorette Mini Crowns - Gold (Bride)
423,Team Bride Napkins,Bride Headband - White,Pink Brush Confetti Snack Plates,I Do Crew Napkins,Team Bride Gift Bags (Set of 5),Team Bride Dinner Plates
424,Team Bride Party Crowns (5 Pack),Rose Gold Team Bride Confetti,Bride Headband,I Do Crew Flower Crowns - Blue,I Do Crew Flower Crowns - Purple,Bride To Be Headband - Light Pink
425,Team Bride Party Straws,Pink Glass Diamond Sipper with Straw,Gettin' Hitched Party Bandanas - White (Bride),Bride Headband,Bach Bash Balloon Letter Kit,Rose Gold Team Bride Confetti
426,Team Bride Photo Booth Props,Gold Photo Booth Backdrop,Miss To Mrs Headband - Pink,Future Mrs. Veil,Team Bride Party Straws,Bride's Babes Party Cups (8 count)
427,Team Bride Shot Glass Set,Pink & Mint Confetti Tumbler,Bride Headband,Blush Ombre Confetti Tumbler,You Had Me at Tacos Napkins,Drink Please! Bar Top Bell
428,The Last Syrah Banner,Bride Tribe Tassel Garland,I Do Crew Flower Crowns - Purple,Bride To Be Sashes - White,Rose Gold Confetti Balloon Bundle,Drinking Buddies Drink Markers (6 Pack)
429,This Se̱orita Needs a Margarita Napkins,Final Fiesta Sombrero & Future Mrs. Veil,Sip Sip Ole Napkins,Bride Squad Shot Cups (10 count),Drunk in Love Party Cups (8 count),Final Fiesta Koozies - Green (Fiesta Siesta Tequila Repeat)
430,Tropic Like It's Hot Napkins,Tropic Like It's Hot Snack Plates,You Had Me at Tacos Napkins,Cheers Bitches Can Coolers - Cheers Bitches (Pink Koozie),Cheers Bitches Tanks - Cheers Bitches (Pink Tank) ,Cheers Bitches Tanks - Future Mrs. (White Tank) 
431,Tropic Like It's Hot Snack Plates,Tropic Like It's Hot Napkins,You Had Me at Tacos Napkins,Cheers Bitches Can Coolers - Cheers Bitches (Pink Koozie),Cheers Bitches Tanks - Cheers Bitches (Pink Tank) ,Cheers Bitches Tanks - Future Mrs. (White Tank) 
432,Tropical Prosecco Pong,Flamingo String Lights,Aloha Beaches Koozies - Black (Aloha Beaches),Nacho Average Bach Banner,Aloha Beaches Koozies - White (Aloha Bride),Bach Bash Balloon Letter Kit
433,Unicorn Drink Floaties Set,Squad Goals Banner,Flamingo Drink Floaties Set,Engagement Ring Drink Floaties Set,Cheers Beaches Napkins,Ring Bling Napkins
434,Unicorn Water Shot Cups (8 count),You Had Me at Tacos Napkins,Double Date Photo Booth Props,Cheers Bitches Tanks - Cheers Bitches (Pink Tank) ,Cheers Bitches Tanks - Future Mrs. (White Tank) ,Chillin' With My Beaches Party Cups (8 count)
435,Vino Before Vows Banner,Wine & Blush Tassel Garland,Mini Vino Before Vows Party Garland,You Had Me At Merlot Party Cups (8 count),Gold Bachelorette Tattoos Mix Pack,Pink Champagne Tassel Garland
436,Where's My Cabana Boy Party Cups (8 count),You Had Me at Tacos Napkins,Double Date Photo Booth Props,Cheers Bitches Tanks - Cheers Bitches (Pink Tank) ,Cheers Bitches Tanks - Future Mrs. (White Tank) ,Chillin' With My Beaches Party Cups (8 count)
437,White Bachelorette Sash,Bride Tribe Stemless Wine Tumblers - Bride Tribe,Light Pink Party Balloons,Future Mrs. | Cheers Bitches Tank Tops - Future Mrs. (White Tank) ,Future Mrs. | Cheers Bitches Tank Tops - Cheers Bitches (Pink Tank) ,Lingerie Shower Bingo
438,White Bride To Be Sash,Drink Please! Bar Top Bell,Cheers Bitches Tanks - Cheers Bitches (Pink Tank) ,Cheers Bitches Tanks - Future Mrs. (White Tank) ,Chillin' With My Beaches Party Cups (8 count),Clear Glass Diamond Sipper with Straw
439,White Pineapple Napkins,Pink Pineapple Napkins,Gold Pineapple Sipper,Pineapple Snack Plates,Island Party Tissue Paper Tassel Garland,Pineapple Pins Party Pack - 10 Pack
440,Wine & Blush Tassel Garland,Clear Glass Diamond Sipper with Straw,Vino Before Vows Banner,Mini Vino Before Vows Party Garland,You Had Me at Tacos Napkins,Cheer's Y'all Banner
441,Wine Eyed Drink Markers,Bride Headband - Gold,Bride Pin - Gold,Drinking Buddies Drink Markers (12 Pack),Drink Please! Bar Top Bell,Cheers Bitches Tanks - Future Mrs. (White Tank) 
442,Wine Party Pins (10 pack),You Had Me at Tacos Napkins,Drink Please! Bar Top Bell,Cheers Bitches Tanks - Cheers Bitches (Pink Tank) ,Cheers Bitches Tanks - Future Mrs. (White Tank) ,Chillin' With My Beaches Party Cups (8 count)
443,Wine Pins Party Pack,You Had Me At Merlot Tanks - He Had Me At Hello (White) ,You Had Me At Merlot Tanks - You Had Me At Merlot (Mauve) ,"Bride To Be ""Mad Libs""",Bride To Be Sunnies,Bride Tribe Gold Tattoo Party Pack - Party Pack (11 Bride Tribe / 1 Bride)
444,Wine Pins Party Pack - 10 Pack,Giant White Swan Pool Float,Bridesmaid Headband,Cheers Bitches Banner,Bachelorette Photo Booth Props,Miss to Mrs Balloon Letter Kit
445,Wishes for the Couple Cards,Miss To Mrs Headband - White,Bachelorette Scratch Off Cards,Mini Bride Crowns - Silver (Plain),Blush Gold Dots Snack Plates,Bachelorette Photo Booth Props
446,Yay Wine! Wine Tumbler Set,"Drink Up, Bitches! Paper Shot Cups (10 count)",Bride Squad Napkins,Bachelorette Bash Acrylic Wine Tumbler,Bride Tribe Pins Party Pack - 10 Pack,Drink Up Bitches! Napkins
447,You Had Me At Merlot Koozies - Burgundy (You Had Me At Merlot),You Had Me At Merlot Koozies - Burgundy (You Had Me At Merlot),You Had Me at Tacos Napkins,Drink Please! Bar Top Bell,Cheers Bitches Tanks - Cheers Bitches (Pink Tank) ,Cheers Bitches Tanks - Future Mrs. (White Tank) 
448,You Had Me At Merlot Koozies - White (He Had Me At Hello),You Had Me At Merlot Koozies - Burgundy (You Had Me At Merlot),You Had Me at Tacos Napkins,Drink Please! Bar Top Bell,Cheers Bitches Tanks - Cheers Bitches (Pink Tank) ,Cheers Bitches Tanks - Future Mrs. (White Tank) 
449,You Had Me At Merlot Party Cups (8 count),Lake Life Tanks - Lake Life (Teal) ,On Lake Time Napkins,You Had Me At Merlot Tanks - You Had Me At Merlot (Mauve) ,Bridesmaid Party Buttons (6 Pack) - Hot Pink,Vino Before Vows Banner
450,You Had Me At Merlot Tanks - He Had Me At Hello (White) ,You Had Me At Merlot Tanks - You Had Me At Merlot (Mauve) ,Wine Pins Party Pack,You Had Me at Tacos Napkins,Cowboy Hat & Future Mrs. Veil,Diamond Treat Toppers
451,You Had Me At Merlot Tanks - You Had Me At Merlot (Mauve) ,You Had Me At Merlot Tanks - He Had Me At Hello (White) ,Wine Pins Party Pack,Lake Life Tanks - Lake Life (Teal) ,You Had Me At Merlot Party Cups (8 count),Final Fiesta Tanks - Fiesta Siesta Tequila Repeat (Orange) 
452,You Had Me at Tacos Napkins,Final Fiesta Party Cups (8 count),Feelin' Nauti Shot Cups (10 count),Final Fiesta Sombrero & Future Mrs. Veil,Wine & Blush Tassel Garland,Nacho Average Bach Banner
